,arts_entertainment,building,education,event,food,nightlife,parks_outdoors,shops,travel,Favourite
Abbey Wood,0.0,0.0,0.0,0.0,0.0,0.0,0.5,0.5,0.0,0.0
Acton,0.0,0.0,0.0,0.0,0.2,0.0,0.1,0.3,0.4,1.0
Addington,0.0,0.0,0.0,0.0,0.25,0.0,0.0,0.25,0.5,0.0
Addiscombe,0.0,0.0,0.0,0.0,0.5,0.0,0.25,0.25,0.0,0.0
Albany Park,0.0,0.0,0.0,0.0,0.25,0.25,0.0,0.25,0.25,0.0
Aldborough Hatch,0.0,0.0,0.0,0.0,1.0,0.0,0.0,0.0,0.0,0.0
Aldgate,0.04,0.04,0.0,0.0,0.63,0.11,0.03,0.03,0.12,1.0
Aldwych,0.19,0.03,0.0,0.0,0.49,0.09,0.03,0.08,0.09,0.0
Alperton,0.0,0.125,0.0,0.0,0.625,0.0,0.0,0.25,0.0,0.0
Anerley,0.0625,0.0,0.0,0.0,0.125,0.125,0.1875,0.1875,0.3125,0.0
Angel,0.054054054054054064,0.027027027027027032,0.0,0.0,0.581081081081081,0.10810810810810813,0.040540540540540536,0.14864864864864866,0.040540540540540536,0.0
Aperfield,0.5,0.0,0.0,0.0,0.5,0.0,0.0,0.0,0.0,0.0
Archway,0.0,0.03125,0.0,0.0,0.5625,0.15625,0.0,0.21875,0.03125,0.0
Ardleigh Green,0.0,0.25,0.0,0.0,0.0,0.5,0.0,0.25,0.0,0.0
Arkley,0.0,0.0,0.0,0.0,0.0,0.0,1.0,0.0,0.0,1.0
Arnos Grove,0.0,0.0,0.0,0.0,0.16666666666666666,0.0,0.3333333333333333,0.0,0.5,0.0
Balham,0.0,0.046875,0.0,0.0,0.578125,0.15625,0.0,0.171875,0.046875,0.0
Bankside,0.15625,0.0625,0.0,0.0,0.390625,0.125,0.0625,0.078125,0.125,1.0
Barbican,0.14084507042253522,0.04225352112676056,0.0,0.0,0.4647887323943662,0.14084507042253522,0.11267605633802814,0.014084507042253518,0.08450704225352113,1.0
Barking,0.0,0.05,0.0,0.0,0.35,0.05,0.05,0.35,0.15,0.0
Barkingside,0.125,0.0,0.0,0.0,0.375,0.0,0.125,0.25,0.125,0.0
Barnehurst,0.0,0.0,0.0,0.0,0.0,0.0,0.3333333333333333,0.6666666666666666,0.0,0.0
Barnes,0.2222222222222222,0.05555555555555555,0.0,0.0,0.3888888888888889,0.05555555555555555,0.16666666666666666,0.1111111111111111,0.0,0.0
"Barnet (also Chipping Barnet, High Barnet)",0.0,0.25,0.0,0.0,0.0,0.5,0.0,0.0,0.25,1.0
Barnet Gate,0.3333333333333333,0.0,0.0,0.0,0.0,0.3333333333333333,0.3333333333333333,0.0,0.0,1.0
Barnsbury,0.13333333333333333,0.0,0.0,0.0,0.5,0.06666666666666668,0.1,0.1,0.1,0.0
Battersea,0.011764705882352941,0.023529411764705882,0.0,0.0,0.4941176470588236,0.25882352941176473,0.0,0.18823529411764706,0.023529411764705882,0.0
Bayswater,0.04166666666666666,0.027777777777777776,0.0,0.0,0.5555555555555556,0.1111111111111111,0.05555555555555555,0.16666666666666666,0.04166666666666666,0.0
Beckenham,0.0,0.0,0.0,0.0,0.5555555555555556,0.19444444444444445,0.027777777777777776,0.16666666666666666,0.05555555555555555,0.0
Beckton,0.0,0.1111111111111111,0.0,0.0,0.0,0.1111111111111111,0.0,0.5555555555555556,0.2222222222222222,0.0
Becontree,0.0,0.0,0.0,0.0,0.0,0.0,0.0,1.0,0.0,0.0
Becontree Heath,0.0,0.125,0.0,0.0,0.125,0.0,0.25,0.375,0.125,0.0
Beddington,0.0,0.09090909090909093,0.0,0.0,0.18181818181818185,0.0,0.0,0.7272727272727273,0.0,0.0
Bedford Park,0.0,0.0,0.0,0.0,0.7777777777777778,0.0,0.0,0.1111111111111111,0.1111111111111111,0.0
Belgravia,0.014705882352941175,0.029411764705882356,0.0,0.0,0.4852941176470588,0.07352941176470587,0.05882352941176471,0.2058823529411765,0.1323529411764706,0.0
Bellingham,0.0,0.2,0.0,0.0,0.0,0.0,0.2,0.4,0.2,0.0
Belmont,0.0,0.0,0.0,0.0,0.5714285714285714,0.14285714285714285,0.0,0.2857142857142857,0.0,0.0
Belsize Park,0.0,0.0,0.0,0.0,0.56,0.12,0.08,0.16,0.08,1.0
Belvedere,0.0,0.0,0.0,0.5,0.0,0.0,0.0,0.5,0.0,0.0
Bermondsey,0.040816326530612235,0.020408163265306117,0.0,0.0,0.5510204081632653,0.22448979591836732,0.08163265306122447,0.061224489795918366,0.020408163265306117,1.0
Berrylands,0.0,0.3333333333333333,0.0,0.0,0.0,0.0,0.3333333333333333,0.0,0.3333333333333333,0.0
Bethnal Green,0.0,0.037037037037037035,0.0,0.0,0.5370370370370371,0.14814814814814814,0.05555555555555555,0.2037037037037037,0.018518518518518517,0.0
"Bexley (also Old Bexley, Bexley Village)",0.0,0.0,0.0,0.0,0.5,0.2,0.0,0.2,0.1,0.0
Bexleyheath (also Bexley New Town),0.0,0.25,0.0,0.0,0.0,0.5,0.0,0.25,0.0,0.0
Bickley,0.2,0.0,0.0,0.0,0.2,0.0,0.0,0.4,0.2,0.0
Biggin Hill,0.0,0.0,0.0,0.0,0.0,0.0,0.25,0.75,0.0,0.0
Blackfen,0.0,0.0,0.0,0.0,0.0,0.2,0.2,0.4,0.2,0.0
Blackfriars,0.024390243902439025,0.06097560975609756,0.0,0.0,0.5975609756097561,0.1097560975609756,0.0975609756097561,0.04878048780487805,0.06097560975609756,1.0
Blackheath,0.0,0.0,0.0,0.0,0.6923076923076923,0.1153846153846154,0.038461538461538464,0.038461538461538464,0.1153846153846154,0.0
Blackheath Royal Standard,0.125,0.0,0.0,0.0,0.25,0.25,0.0,0.375,0.0,0.0
Blackwall,0.0,0.1111111111111111,0.0,0.0,0.2777777777777778,0.1111111111111111,0.0,0.16666666666666666,0.3333333333333333,0.0
Blendon,0.0,0.0,0.0,0.0,0.6,0.2,0.0,0.2,0.0,0.0
Bloomsbury,0.07368421052631577,0.021052631578947368,0.0,0.0,0.4526315789473685,0.15789473684210525,0.06315789473684211,0.11578947368421053,0.11578947368421053,1.0
Botany Bay,0.0,0.0,0.0,0.0,0.3333333333333333,0.3333333333333333,0.0,0.3333333333333333,0.0,0.0
Bounds Green,0.06666666666666668,0.0,0.0,0.0,0.3333333333333333,0.2,0.06666666666666668,0.2,0.13333333333333333,0.0
Bow,0.0,0.0,0.0,0.0,0.5217391304347826,0.21739130434782608,0.0,0.2608695652173913,0.0,0.0
Bowes Park,0.0,0.08333333333333333,0.0,0.0,0.4166666666666667,0.16666666666666666,0.08333333333333333,0.08333333333333333,0.16666666666666666,0.0
Brent Cross,0.0,0.02083333333333333,0.0,0.0,0.3958333333333333,0.0,0.04166666666666666,0.5416666666666666,0.0,1.0
Brent Park,0.0,0.0,0.0,0.0,0.75,0.0,0.0,0.25,0.0,0.0
Brentford,0.0,0.0,0.0,0.0,0.5,0.19230769230769232,0.07692307692307693,0.15384615384615385,0.07692307692307693,0.0
Brimsdown,0.0,0.2,0.0,0.0,0.2,0.0,0.0,0.6,0.0,0.0
Brixton,0.14285714285714285,0.047619047619047616,0.0,0.0,0.4761904761904762,0.19047619047619047,0.047619047619047616,0.09523809523809523,0.0,1.0
Brockley,0.1111111111111111,0.05555555555555555,0.0,0.0,0.3888888888888889,0.1111111111111111,0.0,0.2222222222222222,0.1111111111111111,0.0
Bromley,0.0,0.08333333333333333,0.0,0.0,0.7083333333333334,0.125,0.0,0.08333333333333333,0.0,0.0
Bromley (also Bromley-by-Bow),0.07142857142857142,0.07142857142857142,0.0,0.0,0.14285714285714285,0.21428571428571427,0.0,0.21428571428571427,0.2857142857142857,0.0
Bromley Common,0.0,0.0,0.0,0.0,0.0,0.0,0.3333333333333333,0.6666666666666666,0.0,0.0
Brondesbury,0.0,0.0,0.0,0.0,0.64,0.12,0.0,0.08,0.16,0.0
Brunswick Park,0.0,0.0,0.0,0.0,0.3333333333333333,0.0,0.3333333333333333,0.0,0.3333333333333333,1.0
Bulls Cross,0.25,0.0,0.0,0.0,0.0,0.25,0.5,0.0,0.0,0.0
Burnt Oak,0.0,0.0,0.0,0.0,0.6666666666666666,0.0,0.0,0.3333333333333333,0.0,1.0
"Burroughs, The",0.0,0.0625,0.0625,0.0,0.5625,0.0625,0.0625,0.125,0.0625,1.0
Camberwell,0.054545454545454536,0.03636363636363636,0.0,0.0,0.5636363636363636,0.12727272727272726,0.03636363636363636,0.09090909090909093,0.09090909090909093,1.0
Cambridge Heath,0.10416666666666667,0.0625,0.0,0.0,0.4375,0.16666666666666666,0.0625,0.125,0.04166666666666666,0.0
Camden Town,0.051020408163265314,0.010204081632653059,0.0,0.0,0.5510204081632653,0.16326530612244894,0.040816326530612235,0.15306122448979592,0.030612244897959183,1.0
Canary Wharf,0.03,0.04,0.0,0.0,0.65,0.03,0.11,0.1,0.04,0.0
Cann Hall,0.0,0.1111111111111111,0.0,0.0,0.4444444444444444,0.1111111111111111,0.0,0.3333333333333333,0.0,0.0
Canning Town,0.14285714285714285,0.0,0.0,0.0,0.14285714285714285,0.0,0.14285714285714285,0.42857142857142855,0.14285714285714285,0.0
Canonbury,0.05555555555555555,0.0,0.0,0.0,0.6666666666666666,0.16666666666666666,0.1111111111111111,0.0,0.0,0.0
Carshalton,0.0,0.0,0.0,0.0,0.21428571428571427,0.2857142857142857,0.07142857142857142,0.21428571428571427,0.21428571428571427,0.0
Castelnau,0.0,0.0,0.0,0.0,0.42857142857142855,0.42857142857142855,0.14285714285714285,0.0,0.0,0.0
Castle Green,0.5,0.0,0.0,0.0,0.0,0.25,0.25,0.0,0.0,0.0
Catford,0.03125,0.0,0.0,0.0,0.375,0.09375,0.0,0.34375,0.15625,0.0
Chadwell Heath,0.0,0.0,0.0,0.0,0.0,0.25,0.5,0.25,0.0,0.0
Chalk Farm,0.03333333333333333,0.05,0.0,0.0,0.43333333333333335,0.18333333333333326,0.08333333333333333,0.21666666666666667,0.0,1.0
Charing Cross,0.18,0.04,0.0,0.0,0.4,0.1,0.1,0.1,0.08,0.0
Charlton,0.07692307692307693,0.0,0.0,0.0,0.38461538461538464,0.0,0.07692307692307693,0.38461538461538464,0.07692307692307693,0.0
Chase Cross,0.0,0.0,0.0,0.0,0.6,0.2,0.0,0.0,0.2,0.0
Cheam,0.0,0.0,0.0,0.0,0.4166666666666667,0.16666666666666666,0.0,0.3333333333333333,0.08333333333333333,0.0
Chelsea,0.017857142857142856,0.03571428571428571,0.0,0.0,0.6607142857142857,0.05357142857142857,0.08928571428571429,0.125,0.017857142857142856,1.0
Chelsfield,0.0,0.0,0.0,0.0,0.0,0.3333333333333333,0.0,0.6666666666666666,0.0,0.0
Chessington,0.0,0.0,0.0,0.0,0.2,0.0,0.0,0.4,0.4,0.0
Childs Hill,0.0,0.0,0.0,0.0,0.5,0.0,0.0,0.3333333333333333,0.16666666666666666,1.0
Chinatown,0.18,0.01,0.0,0.0,0.53,0.11,0.03,0.11,0.03,0.0
Chinbrook,0.4,0.0,0.0,0.2,0.0,0.0,0.2,0.2,0.0,0.0
Chingford,0.16666666666666666,0.0,0.0,0.0,0.16666666666666666,0.3333333333333333,0.0,0.16666666666666666,0.16666666666666666,0.0
Chislehurst,0.0,0.0,0.0,0.0,0.6666666666666666,0.3333333333333333,0.0,0.0,0.0,0.0
Chiswick,0.017543859649122806,0.0,0.0,0.0,0.5263157894736842,0.10526315789473684,0.08771929824561403,0.2280701754385965,0.03508771929824561,1.0
Church End,0.0,0.0,0.0,0.0,0.7741935483870968,0.0967741935483871,0.0,0.12903225806451613,0.0,1.0
Clapham,0.014705882352941175,0.029411764705882356,0.0,0.0,0.6029411764705882,0.17647058823529413,0.05882352941176471,0.1176470588235294,0.0,0.0
Clerkenwell,0.07,0.02,0.0,0.0,0.53,0.22,0.07,0.07,0.02,0.0
Cockfosters,0.0,0.0,0.0,0.0,0.625,0.125,0.0,0.25,0.0,1.0
Colindale,0.0,0.1,0.0,0.0,0.4,0.0,0.1,0.4,0.0,1.0
Collier Row,0.0,0.0,0.0,0.0,0.0,0.0,0.5,0.5,0.0,0.0
Colliers Wood,0.0,0.0,0.0,0.0,0.21428571428571427,0.07142857142857142,0.0,0.5714285714285714,0.14285714285714285,0.0
Colney Hatch,0.0,0.1111111111111111,0.0,0.0,0.3333333333333333,0.0,0.2222222222222222,0.3333333333333333,0.0,1.0
Colyers,0.0,0.0,0.0,0.0,0.2,0.0,0.0,0.8,0.0,0.0
Coney Hall,0.0,0.0,0.0,0.0,0.2,0.2,0.2,0.4,0.0,0.0
Coombe,0.0,0.04,0.0,0.0,0.6,0.16,0.0,0.16,0.04,0.0
Coulsdon,0.0,0.0,0.0,0.0,0.125,0.125,0.0,0.75,0.0,0.0
Covent Garden,0.15,0.03,0.0,0.0,0.5,0.02,0.01,0.26,0.03,1.0
Cowley,0.0,0.0,0.0,0.0,0.2857142857142857,0.42857142857142855,0.2857142857142857,0.0,0.0,0.0
Cranford,0.0,0.0,0.0,0.0,0.5,0.0,0.1,0.2,0.2,0.0
Cranham,0.0,0.0,0.0,0.0,0.6,0.0,0.2,0.2,0.0,0.0
Crayford,0.0625,0.0,0.0,0.0,0.3125,0.0625,0.0,0.4375,0.125,0.0
Creekmouth,0.0,0.0,0.0,0.0,0.0,0.0,0.0,1.0,0.0,0.0
Crews Hill,0.25,0.0,0.0,0.0,0.0,0.0,0.5,0.25,0.0,0.0
Cricklewood,0.0,0.0,0.0,0.0,0.5925925925925926,0.07407407407407407,0.0,0.1851851851851852,0.14814814814814814,1.0
Crofton Park,0.1111111111111111,0.05555555555555555,0.0,0.0,0.3888888888888889,0.1111111111111111,0.0,0.2222222222222222,0.1111111111111111,0.0
Crook Log,0.14285714285714285,0.2857142857142857,0.0,0.0,0.42857142857142855,0.14285714285714285,0.0,0.0,0.0,0.0
Crossness,0.25,0.0,0.0,0.0,0.0,0.0,0.25,0.5,0.0,0.0
Crouch End,0.07547169811320754,0.05660377358490566,0.0,0.0,0.6037735849056604,0.11320754716981132,0.0,0.1320754716981132,0.018867924528301886,0.0
Croydon,0.0,0.0,0.0,0.0,0.0,0.0,0.2,0.6,0.2,0.0
Crystal Palace,0.09090909090909093,0.045454545454545456,0.0,0.0,0.18181818181818185,0.0,0.3181818181818182,0.09090909090909093,0.2727272727272727,0.0
Cubitt Town,0.0,0.0,0.0,0.0,0.3333333333333333,0.1111111111111111,0.3333333333333333,0.2222222222222222,0.0,0.0
Cudham,0.5,0.0,0.0,0.0,0.0,0.5,0.0,0.0,0.0,0.0
Custom House,0.03448275862068965,0.0,0.0,0.0,0.4827586206896552,0.06896551724137931,0.06896551724137931,0.0,0.3448275862068966,0.0
Dagenham,0.0,0.0,0.0,0.0,0.0,0.0,0.25,0.75,0.0,0.0
Dalston,0.029411764705882356,0.029411764705882356,0.0,0.0,0.5294117647058824,0.14705882352941174,0.029411764705882356,0.17647058823529413,0.05882352941176471,0.0
De Beauvoir Town,0.0,0.0,0.0,0.0,0.5277777777777778,0.19444444444444445,0.1111111111111111,0.16666666666666666,0.0,0.0
Denmark Hill,0.0,0.05263157894736842,0.0,0.0,0.5263157894736842,0.21052631578947367,0.05263157894736842,0.10526315789473684,0.05263157894736842,1.0
Deptford,0.06,0.08,0.0,0.0,0.36,0.18,0.02,0.16,0.14,0.0
Derry Downs,0.0,0.0,0.0,0.0,0.0,0.5,0.0,0.5,0.0,0.0
Dollis Hill,0.14285714285714285,0.0,0.0,0.0,0.42857142857142855,0.2857142857142857,0.0,0.14285714285714285,0.0,0.0
Downe,0.25,0.0,0.0,0.0,0.0,0.5,0.25,0.0,0.0,0.0
Downham,0.0,0.25,0.0,0.0,0.0,0.0,0.5,0.25,0.0,0.0
Dulwich,0.25,0.0,0.0,0.0,0.25,0.25,0.25,0.0,0.0,1.0
Ealing,0.029411764705882356,0.05882352941176471,0.0,0.0,0.4705882352941176,0.14705882352941174,0.05882352941176471,0.05882352941176471,0.17647058823529413,0.0
Earls Court,0.031746031746031744,0.015873015873015872,0.0,0.0,0.42857142857142855,0.06349206349206349,0.06349206349206349,0.07936507936507936,0.31746031746031744,1.0
Earlsfield,0.03448275862068965,0.03448275862068965,0.0,0.0,0.5172413793103449,0.2413793103448276,0.03448275862068965,0.10344827586206896,0.03448275862068965,0.0
East Barnet,0.0,0.0,0.0,0.0,0.4,0.2,0.0,0.4,0.0,1.0
East Bedfont,0.0,0.0,0.0,0.0,0.5714285714285714,0.14285714285714285,0.0,0.2857142857142857,0.0,0.0
East Dulwich,0.07142857142857142,0.0,0.0,0.0,0.2857142857142857,0.07142857142857142,0.14285714285714285,0.21428571428571427,0.21428571428571427,1.0
East Finchley,0.0,0.0,0.0,0.0,0.4444444444444444,0.2222222222222222,0.0,0.2222222222222222,0.1111111111111111,1.0
East Ham,0.0,0.06666666666666668,0.0,0.0,0.3333333333333333,0.13333333333333333,0.13333333333333333,0.3333333333333333,0.0,0.0
East Sheen,0.0,0.0,0.0,0.0,0.5652173913043478,0.17391304347826084,0.043478260869565216,0.21739130434782608,0.0,0.0
East Wickham,0.0,0.0,0.0,0.0,0.3333333333333333,0.3333333333333333,0.0,0.3333333333333333,0.0,0.0
Eden Park,0.16666666666666666,0.0,0.0,0.0,0.16666666666666666,0.0,0.0,0.3333333333333333,0.3333333333333333,0.0
Edgware,0.0,0.0,0.0,0.0,0.9285714285714286,0.0,0.0,0.07142857142857142,0.0,1.0
Edmonton,0.0625,0.0,0.0,0.0,0.4375,0.0625,0.0625,0.3125,0.0625,0.0
Eel Pie Island,0.021739130434782608,0.021739130434782608,0.0,0.0,0.5217391304347826,0.13043478260869565,0.06521739130434782,0.1956521739130435,0.043478260869565216,0.0
Elephant and Castle,0.06521739130434782,0.06521739130434782,0.021739130434782608,0.0,0.4782608695652174,0.15217391304347827,0.10869565217391304,0.043478260869565216,0.06521739130434782,1.0
Elm Park,0.0,0.0,0.0,0.0,0.5714285714285714,0.0,0.0,0.42857142857142855,0.0,0.0
Elmers End,0.125,0.0,0.0,0.0,0.75,0.125,0.0,0.0,0.0,0.0
Elmstead,0.0,0.0,0.0,0.0,0.0,0.0,0.0,0.0,1.0,0.0
Eltham,0.06666666666666668,0.03333333333333333,0.0,0.0,0.3333333333333333,0.16666666666666666,0.0,0.36666666666666653,0.03333333333333333,0.0
Emerson Park,0.0,1.0,0.0,0.0,0.0,0.0,0.0,0.0,0.0,0.0
Enfield Highway,0.0,0.0,0.0,0.0,0.5,0.25,0.0,0.25,0.0,0.0
Enfield Lock,0.0,0.0,0.0,0.0,0.25,0.0,0.25,0.0,0.5,0.0
Enfield Town,0.016129032258064516,0.08064516129032258,0.0,0.0,0.3709677419354839,0.08064516129032258,0.03225806451612903,0.3870967741935484,0.03225806451612903,0.0
Enfield Wash,0.0,0.06666666666666668,0.0,0.0,0.4666666666666667,0.13333333333333333,0.06666666666666668,0.26666666666666666,0.0,0.0
Erith,0.0,0.09090909090909093,0.0,0.0,0.2727272727272727,0.0,0.09090909090909093,0.4545454545454545,0.09090909090909093,0.0
Falconwood,0.0,0.0,0.0,0.0,0.25,0.0,0.0,0.75,0.0,0.0
Feltham,0.06666666666666668,0.0,0.0,0.0,0.13333333333333333,0.0,0.0,0.6,0.2,0.0
Finchley,0.0,0.25,0.0,0.0,0.75,0.0,0.0,0.0,0.0,1.0
Finsbury,0.07,0.02,0.0,0.0,0.53,0.22,0.07,0.07,0.02,0.0
Finsbury Park,0.05555555555555555,0.0,0.0,0.0,0.3333333333333333,0.05555555555555555,0.1111111111111111,0.2222222222222222,0.2222222222222222,0.0
Fitzrovia,0.01,0.01,0.0,0.0,0.69,0.08,0.01,0.14,0.06,1.0
Foots Cray,0.0,0.0,0.0,0.0,0.16666666666666666,0.16666666666666666,0.16666666666666666,0.5,0.0,0.0
Forest Gate,0.0,0.0,0.0,0.0,0.5,0.08333333333333333,0.0,0.25,0.16666666666666666,0.0
Forestdale,0.0,0.0,0.0,0.0,0.0,0.25,0.75,0.0,0.0,0.0
Fortis Green,0.029411764705882356,0.0,0.0,0.0,0.4411764705882353,0.14705882352941174,0.029411764705882356,0.2058823529411765,0.14705882352941174,0.0
Freezywater,0.0,0.0,0.0,0.0,0.6666666666666666,0.0,0.0,0.2222222222222222,0.1111111111111111,0.0
Friern Barnet,0.0,0.0,0.0,0.0,0.5,0.0,0.0,0.5,0.0,1.0
Frognal,0.07692307692307693,0.05128205128205128,0.0,0.0,0.6153846153846154,0.05128205128205128,0.0,0.1794871794871795,0.02564102564102564,1.0
Fulham,0.1111111111111111,0.04444444444444445,0.0,0.0,0.4666666666666667,0.13333333333333333,0.011111111111111113,0.18888888888888888,0.04444444444444445,1.0
Fulwell,0.0,0.0,0.0,0.0,0.5,0.14285714285714285,0.14285714285714285,0.07142857142857142,0.14285714285714285,0.0
Gallows Corner,0.0,0.0,0.0,0.0,0.5555555555555556,0.0,0.0,0.4444444444444444,0.0,0.0
Gants Hill,0.0,0.0,0.0,0.0,0.6,0.1,0.0,0.2,0.1,0.0
Gidea Park,0.0,0.0,0.0,0.0,1.0,0.0,0.0,0.0,0.0,0.0
Gipsy Hill,0.0,0.0,0.0,0.0,0.8333333333333334,0.04166666666666666,0.04166666666666666,0.04166666666666666,0.04166666666666666,0.0
Goddington,0.25,0.0,0.0,0.0,0.25,0.0,0.25,0.25,0.0,0.0
Golders Green,0.0,0.0,0.0,0.0,0.7352941176470589,0.029411764705882356,0.0,0.17647058823529413,0.05882352941176471,1.0
Goodmayes,0.0,0.0,0.0,0.0,0.2,0.2,0.2,0.2,0.2,0.0
Gospel Oak,0.1,0.1,0.0,0.0,0.45,0.05,0.1,0.15,0.05,1.0
Grahame Park,0.2307692307692308,0.07692307692307693,0.0,0.0,0.3076923076923077,0.07692307692307693,0.07692307692307693,0.2307692307692308,0.0,1.0
Grange Park,0.0,0.0,0.0,0.0,0.5,0.0,0.25,0.0,0.25,0.0
Greenford,0.14285714285714285,0.0,0.0,0.0,0.5714285714285714,0.0,0.0,0.2857142857142857,0.0,0.0
Greenwich,0.1568627450980392,0.00980392156862745,0.00980392156862745,0.0,0.3431372549019608,0.1176470588235294,0.14705882352941174,0.08823529411764706,0.12745098039215685,1.0
Grove Park,0.0,0.0,0.0,0.0,0.5555555555555556,0.1111111111111111,0.0,0.2222222222222222,0.1111111111111111,0.0
Gunnersbury,0.0,0.047619047619047616,0.0,0.0,0.4761904761904762,0.047619047619047616,0.047619047619047616,0.19047619047619047,0.19047619047619047,0.0
Hackney,0.06666666666666668,0.0,0.0,0.0,0.4,0.2333333333333333,0.06666666666666668,0.2333333333333333,0.0,0.0
Hackney Central,0.06666666666666668,0.03333333333333333,0.0,0.0,0.5333333333333333,0.13333333333333333,0.05,0.13333333333333333,0.05,0.0
Hackney Marshes,0.25,0.0,0.0,0.0,0.0,0.0,0.25,0.5,0.0,0.0
Hackney Wick,0.1724137931034483,0.03448275862068965,0.0,0.0,0.4137931034482759,0.2413793103448276,0.03448275862068965,0.06896551724137931,0.03448275862068965,0.0
Hadley Wood,0.0,0.0,0.0,0.0,0.0,0.0,0.5,0.25,0.25,0.0
Haggerston,0.07692307692307693,0.02564102564102564,0.0,0.0,0.4615384615384616,0.2307692307692308,0.07692307692307693,0.07692307692307693,0.05128205128205128,0.0
Hainault,0.0,0.0,0.0,0.0,0.2,0.2,0.0,0.4,0.2,0.0
Ham,0.0,0.0,0.0,0.0,0.2,0.2,0.2,0.4,0.0,0.0
Hammersmith,0.02247191011235955,0.0449438202247191,0.0,0.0,0.5280898876404494,0.1348314606741573,0.033707865168539325,0.15730337078651685,0.07865168539325842,1.0
Hampstead,0.0625,0.02083333333333333,0.0,0.0,0.6875,0.08333333333333333,0.0,0.125,0.02083333333333333,1.0
Hampstead Garden Suburb,0.0,0.0,0.0,0.0,0.3333333333333333,0.0,0.3333333333333333,0.3333333333333333,0.0,1.0
Hampton,0.3333333333333333,0.0,0.0,0.0,0.3333333333333333,0.0,0.3333333333333333,0.0,0.0,0.0
Hampton Hill,0.0,0.0,0.0,0.0,0.43478260869565216,0.13043478260869565,0.17391304347826084,0.17391304347826084,0.08695652173913042,0.0
Hampton Wick,0.0,0.05263157894736842,0.0,0.0,0.42105263157894735,0.15789473684210525,0.10526315789473684,0.10526315789473684,0.15789473684210525,0.0
Hanwell,0.0,0.0,0.0,0.0,0.0,0.0,0.5,0.5,0.0,0.0
Hanworth,0.0,0.14285714285714285,0.0,0.0,0.2857142857142857,0.14285714285714285,0.2857142857142857,0.14285714285714285,0.0,0.0
Harefield,0.0,0.0,0.0,0.0,0.5,0.0,0.0,0.5,0.0,0.0
Harlesden,0.0,0.0,0.0,0.0,0.4,0.05,0.05,0.3,0.2,0.0
Harlington,0.0,0.05555555555555555,0.0,0.0,0.3333333333333333,0.16666666666666666,0.05555555555555555,0.16666666666666666,0.2222222222222222,0.0
Harmondsworth,0.0,0.0,0.0,0.0,0.2222222222222222,0.3333333333333333,0.1111111111111111,0.1111111111111111,0.2222222222222222,0.0
Harold Hill,0.0,0.0,0.0,0.0,0.5,0.0,0.25,0.25,0.0,0.0
Harold Park,0.0,0.0,0.0,0.0,0.5,0.0,0.0,0.5,0.0,0.0
Harold Wood,0.0,0.0,0.0,0.0,0.25,0.25,0.0,0.5,0.0,0.0
Harringay,0.0,0.027027027027027032,0.0,0.0,0.7297297297297297,0.10810810810810813,0.0,0.10810810810810813,0.027027027027027032,0.0
Harrow,0.0,0.0,0.0,0.0,0.2857142857142857,0.0,0.2857142857142857,0.42857142857142855,0.0,0.0
Harrow Weald,0.0,0.0,0.0,0.0,0.6,0.0,0.0,0.4,0.0,0.0
Harrow on the Hill,0.0,0.3333333333333333,0.0,0.0,0.0,0.0,0.3333333333333333,0.0,0.3333333333333333,0.0
Hatch End,0.0,0.0,0.0,0.0,0.5,0.0,0.0,0.25,0.25,0.0
Hatton,0.0,0.1,0.0,0.0,0.2,0.2,0.0,0.2,0.3,0.0
Havering-atte-Bower,0.0,0.0,0.0,0.0,0.0,0.0,0.0,1.0,0.0,0.0
Hayes,0.0,0.0,0.0,0.0,0.2857142857142857,0.0,0.0,0.42857142857142855,0.2857142857142857,0.0
Hazelwood,0.0,0.0,0.0,0.0,0.5,0.0,0.5,0.0,0.0,0.0
Hendon,0.0,0.05555555555555555,0.0,0.0,0.5555555555555556,0.05555555555555555,0.05555555555555555,0.1111111111111111,0.16666666666666666,1.0
Herne Hill,0.09090909090909093,0.09090909090909093,0.0,0.0,0.3636363636363637,0.0,0.0,0.3636363636363637,0.09090909090909093,0.0
Heston,0.0,0.0,0.0,0.0,0.42857142857142855,0.0,0.14285714285714285,0.14285714285714285,0.2857142857142857,0.0
Highams Park,0.0,0.2,0.0,0.0,0.0,0.0,0.0,0.6,0.2,0.0
Highbury,0.0,0.0,0.0,0.0,0.5555555555555556,0.1111111111111111,0.05555555555555555,0.1111111111111111,0.16666666666666666,0.0
Highgate,0.14814814814814814,0.0,0.0,0.0,0.5185185185185185,0.2222222222222222,0.07407407407407407,0.0,0.037037037037037035,1.0
Hillingdon,0.0,0.0,0.0,0.0,0.6,0.2,0.0,0.2,0.0,0.0
Hither Green,0.0,0.07407407407407407,0.0,0.0,0.4444444444444444,0.0,0.037037037037037035,0.1851851851851852,0.25925925925925924,0.0
Holborn,0.13,0.06,0.0,0.0,0.51,0.08,0.05,0.12,0.05,1.0
Holland Park,0.03125,0.0625,0.0,0.0,0.34375,0.125,0.125,0.25,0.0625,1.0
Holloway,0.0,0.03773584905660377,0.0,0.0,0.5283018867924528,0.16981132075471694,0.03773584905660377,0.18867924528301888,0.03773584905660377,0.0
Homerton,0.1176470588235294,0.0,0.0,0.0,0.4705882352941176,0.1176470588235294,0.029411764705882356,0.2647058823529412,0.0,0.0
Honor Oak,0.0,0.0,0.0,0.0,0.2857142857142857,0.0,0.2857142857142857,0.14285714285714285,0.2857142857142857,0.0
Hook,0.0,0.0,0.0,0.0,0.75,0.0,0.0,0.25,0.0,0.0
Horn Park,0.25,0.0,0.0,0.0,0.25,0.0,0.0,0.5,0.0,0.0
Hornchurch,0.0,0.0,0.0,0.0,0.2,0.2,0.0,0.2,0.4,0.0
Hornsey,0.0,0.0,0.0,0.0,0.5,0.2,0.1,0.2,0.0,0.0
Hounslow,0.0,0.0,0.0,0.0,0.3076923076923077,0.15384615384615385,0.0,0.38461538461538464,0.15384615384615385,0.0
Hoxton,0.028571428571428567,0.028571428571428567,0.0,0.0,0.5142857142857142,0.14285714285714285,0.057142857142857134,0.2,0.028571428571428567,0.0
Ickenham,0.0,0.0,0.0,0.0,0.0,0.0,0.0,0.5,0.5,0.0
Ilford,0.0,0.25,0.0,0.0,0.0,0.25,0.25,0.25,0.0,0.0
Isle of Dogs,0.0625,0.0,0.0,0.0,0.25,0.0625,0.375,0.0625,0.1875,0.0
Isleworth,0.0,0.25,0.0,0.0,0.25,0.25,0.0,0.0,0.25,0.0
Islington,0.08064516129032258,0.016129032258064516,0.0,0.0,0.532258064516129,0.1774193548387097,0.03225806451612903,0.12903225806451613,0.03225806451612903,0.0
Kenley,0.0,0.0,0.0,0.0,0.0,0.25,0.0,0.25,0.5,0.0
Kennington,0.12121212121212123,0.030303030303030307,0.0,0.0,0.3333333333333333,0.21212121212121213,0.09090909090909093,0.12121212121212123,0.09090909090909093,1.0
Kensal Green,0.0,0.0,0.0,0.0,0.2857142857142857,0.2857142857142857,0.0,0.2857142857142857,0.14285714285714285,0.0
Kensington,0.02531645569620253,0.0379746835443038,0.0,0.0,0.6455696202531646,0.08860759493670886,0.02531645569620253,0.12658227848101267,0.05063291139240506,1.0
Kentish Town,0.016129032258064516,0.03225806451612903,0.0,0.0,0.4516129032258064,0.1935483870967742,0.06451612903225806,0.2258064516129032,0.016129032258064516,1.0
Kenton,0.0,0.0,0.0,0.0,0.75,0.25,0.0,0.0,0.0,0.0
Keston,0.0,0.0,0.0,0.0,0.0,0.3333333333333333,0.16666666666666666,0.16666666666666666,0.3333333333333333,0.0
Kew,0.125,0.0,0.0,0.0,0.25,0.25,0.375,0.0,0.0,0.0
Kidbrooke,0.2,0.0,0.0,0.0,0.2,0.0,0.0,0.4,0.2,0.0
Kilburn,0.037037037037037035,0.1111111111111111,0.0,0.0,0.4814814814814815,0.14814814814814814,0.07407407407407407,0.14814814814814814,0.0,1.0
Kings Cross,0.05952380952380953,0.011904761904761904,0.0,0.0,0.5714285714285714,0.08333333333333333,0.03571428571428571,0.11904761904761905,0.11904761904761905,1.0
Kingsbury,0.0,0.125,0.0,0.0,0.375,0.125,0.125,0.25,0.0,0.0
Kingston Vale,0.5,0.0,0.0,0.0,0.25,0.0,0.0,0.25,0.0,0.0
Kingston upon Thames,0.023809523809523808,0.023809523809523808,0.0,0.0,0.5,0.09523809523809523,0.011904761904761904,0.32142857142857145,0.023809523809523808,0.0
Knightsbridge,0.01,0.0,0.0,0.0,0.51,0.02,0.01,0.34,0.11,0.0
Ladywell,0.0,0.0,0.0,0.0,0.3076923076923077,0.2307692307692308,0.15384615384615385,0.3076923076923077,0.0,0.0
Lambeth,0.07894736842105263,0.05263157894736842,0.0,0.0,0.3157894736842105,0.21052631578947367,0.15789473684210525,0.05263157894736842,0.13157894736842105,1.0
Lamorbey,0.2,0.0,0.0,0.0,0.0,0.2,0.2,0.4,0.0,0.0
Lampton,0.2,0.0,0.0,0.0,0.4,0.2,0.0,0.0,0.2,0.0
Lea Bridge,0.0,0.0,0.0,0.0,0.0,0.125,0.625,0.25,0.0,0.0
Leamouth,0.0,0.14285714285714285,0.0,0.0,0.42857142857142855,0.0,0.2857142857142857,0.14285714285714285,0.0,0.0
Leaves Green,0.0,0.0,0.0,0.0,0.0,0.5,0.16666666666666666,0.0,0.3333333333333333,0.0
Lee,0.0,0.0,0.0,0.0,0.5384615384615384,0.15384615384615385,0.0,0.2307692307692308,0.07692307692307693,0.0
Lessness Heath,0.0,0.0,0.0,0.0,0.25,0.0,0.0,0.5,0.25,0.0
Lewisham,0.0,0.03125,0.0,0.0,0.40625,0.09375,0.0,0.375,0.09375,0.0
Leyton,0.05555555555555555,0.05555555555555555,0.0,0.0,0.3333333333333333,0.1111111111111111,0.05555555555555555,0.3333333333333333,0.05555555555555555,0.0
Leytonstone,0.027777777777777776,0.0,0.0,0.0,0.4722222222222222,0.16666666666666666,0.027777777777777776,0.25,0.05555555555555555,0.0
Limehouse,0.2352941176470588,0.0,0.0,0.0,0.29411764705882354,0.0,0.2352941176470588,0.17647058823529413,0.05882352941176471,0.0
Lisson Grove,0.06666666666666668,0.022222222222222227,0.0,0.0,0.5111111111111111,0.08888888888888889,0.022222222222222227,0.2222222222222222,0.06666666666666668,0.0
Little Ilford,0.0,0.25,0.0,0.0,0.5,0.0,0.0,0.25,0.0,0.0
Little Venice,0.027777777777777776,0.05555555555555555,0.0,0.0,0.5555555555555556,0.16666666666666666,0.1111111111111111,0.05555555555555555,0.027777777777777776,0.0
Locksbottom,0.0,0.0,0.0,0.0,0.0,0.3333333333333333,0.3333333333333333,0.3333333333333333,0.0,0.0
Longford,0.0,0.0,0.0,0.0,0.3333333333333333,0.3333333333333333,0.0,0.16666666666666666,0.16666666666666666,0.0
Longlands,0.0,0.0,0.0,0.0,0.5,0.0,0.0,0.5,0.0,0.0
Lower Clapton,0.0625,0.0,0.0,0.0,0.4375,0.1875,0.09375,0.15625,0.0625,0.0
Lower Morden,0.0,0.0,0.0,0.0,0.25,0.25,0.25,0.25,0.0,0.0
Loxford,0.0,0.0,0.0,0.0,0.0,0.0,0.6,0.4,0.0,0.0
Maida Vale,0.07142857142857142,0.07142857142857142,0.0,0.0,0.6428571428571429,0.14285714285714285,0.0,0.07142857142857142,0.0,0.0
Malden Rushett,0.0,0.0,0.0,0.0,0.0,0.5,0.0,0.5,0.0,0.0
Manor House,0.0,0.13043478260869565,0.0,0.0,0.17391304347826084,0.043478260869565216,0.21739130434782608,0.3478260869565217,0.08695652173913042,0.0
Manor Park,0.0,0.0,0.0,0.0,0.5,0.0,0.25,0.25,0.0,0.0
Marks Gate,0.0,0.0,0.0,0.0,0.0,0.5,0.0,0.5,0.0,0.0
Maryland,0.1076923076923077,0.015384615384615384,0.0,0.0,0.4,0.09230769230769233,0.0,0.3384615384615385,0.04615384615384616,0.0
Marylebone (also St Marylebone),0.09278350515463918,0.030927835051546393,0.0,0.0,0.6185567010309279,0.05154639175257732,0.05154639175257732,0.13402061855670105,0.020618556701030927,0.0
Mayfair,0.1,0.02,0.0,0.0,0.35,0.11,0.04,0.28,0.1,1.0
Maze Hill,0.037037037037037035,0.0,0.0,0.0,0.3333333333333333,0.14814814814814814,0.2962962962962963,0.1111111111111111,0.07407407407407407,0.0
Merton Park,0.1111111111111111,0.0,0.0,0.0,0.4444444444444444,0.1111111111111111,0.1111111111111111,0.0,0.2222222222222222,0.0
Middle Park,0.0,0.0,0.0,0.0,0.0,0.0,1.0,0.0,0.0,0.0
Mile End,0.027027027027027032,0.0,0.0,0.0,0.5135135135135135,0.16216216216216214,0.08108108108108109,0.054054054054054064,0.16216216216216214,0.0
Mill Hill,0.0,0.0,0.0,0.0,0.25,0.25,0.25,0.25,0.0,1.0
Millbank,0.12195121951219512,0.0,0.0,0.0,0.4878048780487805,0.14634146341463414,0.14634146341463414,0.04878048780487805,0.04878048780487805,0.0
Millwall,0.0,0.0,0.0,0.0,0.3,0.2,0.3,0.0,0.2,0.0
Mitcham,0.0,0.0,0.0,0.0,0.0,0.0,0.25,0.5,0.25,0.0
Monken Hadley,0.0,0.0,0.0,0.0,0.25,0.25,0.25,0.25,0.0,1.0
Morden,0.0,0.0,0.0,0.0,0.5714285714285714,0.047619047619047616,0.14285714285714285,0.14285714285714285,0.09523809523809523,0.0
Morden Park,0.0,0.0,0.0,0.0,0.2,0.0,0.4,0.0,0.4,0.0
Mortlake,0.0,0.0,0.0,0.0,0.55,0.15,0.1,0.2,0.0,0.0
Motspur Park,0.0,0.0,0.0,0.0,0.16666666666666666,0.0,0.5,0.3333333333333333,0.0,0.0
Mottingham,0.25,0.0,0.0,0.25,0.0,0.0,0.25,0.25,0.0,0.0
Nag's Head,0.0,0.03773584905660377,0.0,0.0,0.5283018867924528,0.16981132075471694,0.03773584905660377,0.18867924528301888,0.03773584905660377,0.0
Neasden,0.0,0.0,0.0,0.0,0.25,0.0,0.0,0.0,0.75,0.0
New Addington,0.0,0.0,0.0,0.0,0.0,0.0,0.0,0.6,0.4,0.0
New Barnet,0.0,0.25,0.0,0.0,0.0,0.5,0.0,0.0,0.25,1.0
New Cross,0.05555555555555555,0.05555555555555555,0.05555555555555555,0.0,0.5555555555555556,0.05555555555555555,0.0,0.1111111111111111,0.1111111111111111,0.0
New Eltham,0.14285714285714285,0.0,0.0,0.0,0.2857142857142857,0.14285714285714285,0.0,0.2857142857142857,0.14285714285714285,0.0
New Malden,0.0,0.027027027027027032,0.0,0.0,0.5945945945945946,0.027027027027027032,0.054054054054054064,0.2702702702702703,0.027027027027027032,0.0
New Southgate,0.0,0.09090909090909093,0.0,0.0,0.2727272727272727,0.0,0.0,0.6363636363636364,0.0,1.0
Newbury Park,0.0,0.0,0.0,0.0,0.0,0.0,0.0,0.8,0.2,0.0
Newington,0.04166666666666666,0.04166666666666666,0.0,0.0,0.2916666666666667,0.4166666666666667,0.16666666666666666,0.0,0.04166666666666666,1.0
Nine Elms,0.05882352941176471,0.1176470588235294,0.0,0.0,0.29411764705882354,0.17647058823529413,0.0,0.2352941176470588,0.1176470588235294,0.0
Noak Hill,0.0,0.0,0.0,0.0,0.0,0.0,1.0,0.0,0.0,0.0
Norbiton,0.0,0.0,0.0,0.0,0.7333333333333333,0.13333333333333333,0.0,0.13333333333333333,0.0,0.0
Norbury,0.0,0.2,0.0,0.0,0.2,0.0,0.0,0.6,0.0,0.0
North Cray,0.0,0.0,0.0,0.0,0.0,0.0,0.3333333333333333,0.6666666666666666,0.0,0.0
North Finchley,0.03225806451612903,0.0,0.0,0.0,0.4838709677419355,0.06451612903225806,0.0,0.3225806451612903,0.0967741935483871,1.0
North Harrow,0.0,0.25,0.0,0.0,0.375,0.0,0.125,0.125,0.125,0.0
North Kensington,0.0,0.16666666666666666,0.0,0.0,0.16666666666666666,0.0,0.16666666666666666,0.3333333333333333,0.16666666666666666,1.0
North Sheen,0.0,0.2307692307692308,0.0,0.0,0.2307692307692308,0.0,0.0,0.5384615384615384,0.0,0.0
North Woolwich,0.0,0.0,0.0,0.0,0.4,0.0,0.0,0.0,0.6,0.0
Northolt,0.0,0.2,0.0,0.0,0.4,0.0,0.2,0.0,0.2,0.0
Northumberland Heath,0.0,0.0,0.0,0.0,0.3333333333333333,0.0,0.0,0.6666666666666666,0.0,0.0
Northwood,0.2,0.2,0.0,0.0,0.0,0.0,0.6,0.0,0.0,0.0
Norwood Green,0.0,0.0,0.0,0.0,0.5714285714285714,0.0,0.0,0.0,0.42857142857142855,0.0
Notting Hill,0.016666666666666666,0.0,0.0,0.0,0.5166666666666667,0.11666666666666667,0.016666666666666666,0.26666666666666666,0.06666666666666668,1.0
Nunhead,0.0,0.0,0.0,0.0,0.0,0.4,0.6,0.0,0.0,1.0
Oakleigh Park,0.0,0.0,0.0,0.0,0.5714285714285714,0.14285714285714285,0.2857142857142857,0.0,0.0,1.0
Old Coulsdon,0.0,0.0,0.0,0.0,0.5,0.0,0.0,0.5,0.0,0.0
Old Ford,0.1176470588235294,0.1176470588235294,0.0,0.0,0.35294117647058826,0.1176470588235294,0.17647058823529413,0.05882352941176471,0.05882352941176471,0.0
Old Malden,0.0,0.0,0.0,0.0,0.3333333333333333,0.0,0.16666666666666666,0.16666666666666666,0.3333333333333333,0.0
Old Oak Common,0.2,0.2,0.0,0.0,0.2,0.0,0.2,0.2,0.0,1.0
Orpington,0.05882352941176471,0.05882352941176471,0.0,0.0,0.5882352941176471,0.0,0.0,0.2352941176470588,0.05882352941176471,0.0
Osidge,0.0,0.0,0.0,0.0,0.25,0.25,0.25,0.25,0.0,1.0
Osterley,0.0,0.0,0.0,0.0,0.4,0.0,0.0,0.1,0.5,0.0
Oval,0.125,0.0,0.0,0.0,0.4166666666666667,0.16666666666666666,0.0625,0.14583333333333334,0.08333333333333333,0.0
Paddington,0.02325581395348837,0.02325581395348837,0.0,0.0,0.4883720930232558,0.06976744186046513,0.11627906976744184,0.10465116279069768,0.1744186046511628,0.0
Palmers Green,0.0,0.037037037037037035,0.0,0.0,0.5925925925925926,0.07407407407407407,0.037037037037037035,0.2222222222222222,0.037037037037037035,0.0
Park Royal,0.2,0.13333333333333333,0.0,0.0,0.4,0.06666666666666668,0.0,0.06666666666666668,0.13333333333333333,0.0
Parsons Green,0.0,0.0576923076923077,0.0,0.0,0.5769230769230769,0.0576923076923077,0.019230769230769232,0.2692307692307692,0.019230769230769232,1.0
Peckham,0.1,0.05,0.0,0.0,0.4,0.175,0.0,0.125,0.15,1.0
Penge,0.0,0.0,0.0,0.0,0.09090909090909093,0.09090909090909093,0.4545454545454545,0.2727272727272727,0.09090909090909093,0.0
Pentonville,0.1016949152542373,0.01694915254237288,0.0,0.0,0.576271186440678,0.1694915254237288,0.03389830508474576,0.06779661016949153,0.03389830508474576,0.0
Perivale,0.0,0.0,0.0,0.0,0.5714285714285714,0.0,0.0,0.2857142857142857,0.14285714285714285,0.0
Petersham,0.0,0.0,0.0,0.0,0.14285714285714285,0.2857142857142857,0.2857142857142857,0.14285714285714285,0.14285714285714285,0.0
Petts Wood,0.0,0.0625,0.0,0.0,0.5625,0.125,0.0,0.1875,0.0625,0.0
Pimlico,0.0,0.02127659574468085,0.0,0.0,0.4893617021276596,0.06382978723404255,0.10638297872340426,0.1276595744680851,0.1914893617021277,0.0
Pinner,0.0,0.09090909090909093,0.0,0.0,0.3636363636363637,0.18181818181818185,0.09090909090909093,0.2727272727272727,0.0,0.0
Plaistow,0.2,0.0,0.0,0.0,0.4,0.0,0.2,0.0,0.2,0.0
Plumstead,0.0,0.0,0.0,0.0,0.2,0.2,0.0,0.0,0.6,0.0
Ponders End,0.0,0.125,0.0,0.0,0.375,0.125,0.0,0.375,0.0,0.0
Poplar,0.03409090909090909,0.022727272727272728,0.0,0.0,0.625,0.045454545454545456,0.10227272727272728,0.14772727272727273,0.022727272727272728,0.0
Pratt's Bottom,0.0,0.0,0.0,0.0,0.0,0.5,0.0,0.5,0.0,0.0
Preston,0.08333333333333333,0.0,0.0,0.0,0.4166666666666667,0.16666666666666666,0.0,0.25,0.08333333333333333,0.0
Primrose Hill,0.1153846153846154,0.0,0.0,0.0,0.38461538461538464,0.1153846153846154,0.1153846153846154,0.2692307692307692,0.0,1.0
Purley,0.0,0.0,0.0,0.0,0.6666666666666666,0.06666666666666668,0.0,0.2,0.06666666666666668,0.0
Putney,0.03448275862068965,0.0,0.0,0.0,0.6551724137931034,0.13793103448275862,0.0,0.1724137931034483,0.0,0.0
Queen's Park,0.0,0.13636363636363635,0.0,0.0,0.5,0.13636363636363635,0.045454545454545456,0.18181818181818185,0.0,0.0
Queensbury,0.0,0.0,0.0,0.0,0.5,0.0,0.0,0.16666666666666666,0.3333333333333333,0.0
Rainham,0.1,0.0,0.0,0.0,0.2,0.1,0.2,0.3,0.1,0.0
Rayners Lane,0.0,0.0,0.0,0.0,0.7894736842105263,0.05263157894736842,0.0,0.15789473684210525,0.0,0.0
Raynes Park,0.0,0.0,0.0,0.0,0.25,0.0,0.0,0.5,0.25,0.0
Redbridge,0.0,0.0,0.0,0.0,0.16666666666666666,0.16666666666666666,0.0,0.16666666666666666,0.5,0.0
Richmond,0.025,0.0,0.0,0.0,0.675,0.1,0.125,0.05,0.025,1.0
Riddlesdown,0.0,0.0,0.0,0.0,0.5,0.0,0.0,0.0,0.5,0.0
Roehampton,0.0,0.05555555555555555,0.0,0.0,0.2777777777777778,0.1111111111111111,0.0,0.2777777777777778,0.2777777777777778,0.0
Romford,0.05333333333333334,0.02666666666666667,0.0,0.0,0.36,0.05333333333333334,0.02666666666666667,0.4533333333333333,0.02666666666666667,0.0
Rotherhithe,0.07407407407407407,0.07407407407407407,0.0,0.0,0.2962962962962963,0.037037037037037035,0.1851851851851852,0.2962962962962963,0.037037037037037035,1.0
Ruislip,0.16666666666666666,0.0,0.0,0.0,0.3333333333333333,0.16666666666666666,0.0,0.25,0.08333333333333333,0.0
Rush Green,0.0,0.0,0.0,0.0,0.2,0.0,0.0,0.8,0.0,0.0
Ruxley,0.0,0.0,0.0,0.0,0.6,0.0,0.2,0.2,0.0,0.0
Sanderstead,0.3333333333333333,0.0,0.0,0.0,0.3333333333333333,0.0,0.3333333333333333,0.0,0.0,0.0
Sands End,0.024390243902439025,0.07317073170731707,0.024390243902439025,0.0,0.3414634146341464,0.0975609756097561,0.12195121951219512,0.0975609756097561,0.2195121951219512,1.0
Selhurst,0.0,0.0,0.0,0.0,0.4736842105263158,0.10526315789473684,0.05263157894736842,0.10526315789473684,0.2631578947368421,0.0
Selsdon,0.0,0.0,0.0,0.0,0.5,0.0,0.0,0.5,0.0,0.0
Seven Kings,0.0,0.0,0.0,0.0,0.25,0.25,0.0,0.25,0.25,0.0
Seven Sisters,0.0,0.0,0.0,0.0,0.5,0.0625,0.0,0.25,0.1875,0.0
Shacklewell,0.0,0.04878048780487805,0.0,0.0,0.4878048780487805,0.2682926829268293,0.0,0.1951219512195122,0.0,0.0
Shadwell,0.07142857142857142,0.0,0.0,0.0,0.07142857142857142,0.14285714285714285,0.42857142857142855,0.0,0.2857142857142857,0.0
Shepherd's Bush,0.07017543859649122,0.017543859649122806,0.0,0.0,0.5789473684210527,0.10526315789473684,0.0,0.15789473684210525,0.07017543859649122,1.0
Shooter's Hill,0.0,0.0,0.0,0.0,0.25,0.5,0.25,0.0,0.0,0.0
Shoreditch,0.05,0.05,0.0,0.0,0.51,0.13,0.02,0.19,0.05,1.0
Sidcup,0.0,0.0,0.0,0.0,0.5714285714285714,0.07142857142857142,0.0,0.2857142857142857,0.07142857142857142,0.0
Silvertown,0.0,0.0,0.0,0.0,0.2,0.0,0.2,0.4,0.2,0.0
Sipson,0.0,0.0,0.0,0.0,0.3333333333333333,0.2222222222222222,0.0,0.1111111111111111,0.3333333333333333,0.0
Slade Green,0.0,0.0,0.0,0.0,0.25,0.0,0.0,0.25,0.5,0.0
Snaresbrook,0.0,0.0,0.0,0.0,0.0,0.0,0.5,0.5,0.0,0.0
Soho,0.15,0.01,0.0,0.0,0.52,0.11,0.04,0.14,0.03,1.0
South Croydon,0.0,0.0,0.0,0.0,0.5,0.0,0.16666666666666666,0.0,0.3333333333333333,0.0
South Hackney,0.0,0.0,0.0,0.0,0.5,0.2857142857142857,0.07142857142857142,0.14285714285714285,0.0,0.0
South Harrow,0.0,0.0,0.0,0.0,0.6470588235294118,0.05882352941176471,0.05882352941176471,0.2352941176470588,0.0,0.0
South Hornchurch,0.0,0.0,0.0,0.0,0.25,0.0,0.0,0.75,0.0,0.0
South Kensington,0.01,0.04,0.0,0.0,0.66,0.04,0.03,0.11,0.11,1.0
South Norwood,0.0,0.0,0.0,0.0,0.3333333333333333,0.1111111111111111,0.1111111111111111,0.2222222222222222,0.2222222222222222,0.0
South Ruislip,0.05263157894736842,0.05263157894736842,0.0,0.0,0.10526315789473684,0.05263157894736842,0.10526315789473684,0.5263157894736842,0.10526315789473684,0.0
South Tottenham,0.0,0.0,0.0,0.0,0.5217391304347826,0.08695652173913042,0.0,0.21739130434782608,0.17391304347826084,0.0
South Wimbledon,0.0,0.03448275862068965,0.0,0.0,0.6206896551724138,0.06896551724137931,0.0,0.10344827586206896,0.1724137931034483,0.0
South Woodford,0.03125,0.03125,0.0,0.0,0.5625,0.15625,0.0,0.1875,0.03125,0.0
Southall,0.0,0.0,0.0,0.0,0.9047619047619048,0.0,0.0,0.047619047619047616,0.047619047619047616,0.0
Southbank,0.14,0.05,0.0,0.0,0.43,0.14,0.09,0.09,0.06,1.0
Southborough,0.2,0.0,0.0,0.0,0.2,0.2,0.0,0.4,0.0,0.0
Southend,0.25,0.0,0.0,0.0,0.25,0.0,0.25,0.25,0.0,0.0
Southfields,0.1,0.1,0.0,0.0,0.3,0.3,0.1,0.1,0.0,0.0
Southgate,0.0,0.10344827586206896,0.0,0.0,0.5862068965517241,0.10344827586206896,0.0,0.1724137931034483,0.03448275862068965,0.0
Spitalfields,0.03,0.03,0.0,0.0,0.61,0.13,0.02,0.11,0.07,0.0
St Giles,0.13,0.03,0.0,0.0,0.46,0.09,0.02,0.25,0.02,1.0
St Helier,0.0,0.0,0.0,0.0,0.25,0.0,0.25,0.5,0.0,0.0
St James's,0.17,0.03,0.0,0.0,0.4,0.12,0.08,0.16,0.04,0.0
St John's Wood,0.0,0.08571428571428573,0.0,0.0,0.6,0.028571428571428567,0.028571428571428567,0.22857142857142854,0.028571428571428567,0.0
St Johns,0.0,0.15,0.0,0.0,0.35,0.1,0.05,0.25,0.1,0.0
St Luke's,0.05,0.08,0.0,0.0,0.6,0.09,0.05,0.08,0.05,0.0
St Margarets,0.25,0.0,0.0,0.0,0.25,0.5,0.0,0.0,0.0,0.0
St Mary Cray,0.0,0.0,0.0,0.0,0.29411764705882354,0.0,0.0,0.6470588235294118,0.05882352941176471,0.0
St Pancras,0.05319148936170213,0.010638297872340424,0.0,0.0,0.5106382978723404,0.06382978723404255,0.07446808510638298,0.18085106382978725,0.10638297872340426,1.0
St Paul's Cray,0.0,0.0,0.0,0.0,0.5,0.0,0.0,0.5,0.0,0.0
Stamford Hill,0.0,0.0,0.0,0.0,0.3333333333333333,0.2222222222222222,0.0,0.3333333333333333,0.1111111111111111,0.0
Stanmore,0.0,0.0,0.0,0.0,0.6923076923076923,0.07692307692307693,0.0,0.2307692307692308,0.0,0.0
Stepney,0.0,0.0,0.0,0.0,0.4666666666666667,0.0,0.3333333333333333,0.13333333333333333,0.06666666666666668,0.0
Stockwell,0.09230769230769233,0.04615384615384616,0.0,0.0,0.4461538461538462,0.13846153846153847,0.030769230769230767,0.2153846153846154,0.030769230769230767,0.0
Stoke Newington,0.0,0.0,0.0,0.0,0.5238095238095238,0.2619047619047619,0.023809523809523808,0.11904761904761905,0.07142857142857142,0.0
Stonebridge,0.16666666666666666,0.0,0.0,0.0,0.3333333333333333,0.0,0.16666666666666666,0.16666666666666666,0.16666666666666666,0.0
Stratford,0.08695652173913042,0.014492753623188406,0.0,0.0,0.42028985507246375,0.11594202898550725,0.0,0.3043478260869565,0.05797101449275361,0.0
Strawberry Hill,0.14285714285714285,0.14285714285714285,0.0,0.0,0.14285714285714285,0.0,0.14285714285714285,0.14285714285714285,0.2857142857142857,0.0
Streatham,0.0,0.0,0.0,0.0,0.6,0.2,0.0,0.0,0.2,0.0
Stroud Green,0.0,0.0,0.0,0.0,0.42857142857142855,0.0,0.2857142857142857,0.14285714285714285,0.14285714285714285,0.0
Sudbury,0.0,0.0,0.0,0.0,0.5,0.0,0.0,0.125,0.375,0.0
Sundridge,0.25,0.0,0.0,0.0,0.5,0.0,0.0,0.0,0.25,0.0
Surbiton,0.0,0.020408163265306117,0.0,0.0,0.5306122448979592,0.16326530612244894,0.020408163265306117,0.1836734693877551,0.08163265306122447,0.0
Surrey Quays,0.047619047619047616,0.047619047619047616,0.0,0.0,0.35714285714285715,0.047619047619047616,0.047619047619047616,0.35714285714285715,0.09523809523809523,1.0
Sutton,0.0,0.03448275862068965,0.0,0.0,0.3103448275862069,0.10344827586206896,0.0,0.5172413793103449,0.03448275862068965,0.0
Swiss Cottage,0.03508771929824561,0.017543859649122806,0.0,0.0,0.5087719298245614,0.017543859649122806,0.03508771929824561,0.2631578947368421,0.12280701754385966,1.0
"Sydenham (also Lower Sydenham, Upper Sydenham)",0.043478260869565216,0.08695652173913042,0.0,0.0,0.4565217391304348,0.10869565217391304,0.021739130434782608,0.2826086956521739,0.0,0.0
Sydenham Hill,0.0,0.0,0.0,0.0,0.0,0.25,0.75,0.0,0.0,1.0
Teddington,0.0,0.054054054054054064,0.0,0.0,0.5405405405405406,0.13513513513513514,0.027027027027027032,0.16216216216216214,0.08108108108108109,0.0
Temple,0.08,0.08,0.0,0.0,0.4933333333333334,0.16,0.09333333333333334,0.02666666666666667,0.06666666666666668,1.0
Temple Fortune,0.0,0.0,0.0,0.0,0.6153846153846154,0.0,0.0,0.38461538461538464,0.0,1.0
Thamesmead,0.2,0.0,0.0,0.2,0.2,0.2,0.0,0.2,0.0,0.0
The Hale,0.0,0.0,0.0,0.0,0.75,0.0,0.0,0.25,0.0,1.0
The Hyde,0.0,0.0,0.0,0.0,0.2222222222222222,0.1111111111111111,0.0,0.5555555555555556,0.1111111111111111,1.0
Thornton Heath,0.0,0.2,0.0,0.0,0.0,0.0,0.2,0.6,0.0,0.0
Tokyngton,0.0,0.0,0.0,0.0,0.2,0.0,0.0,0.4,0.4,0.0
Tolworth,0.0,0.0,0.0,0.0,0.6,0.0,0.0,0.4,0.0,0.0
Tooting,0.0,0.0,0.0,0.0,0.5384615384615384,0.19230769230769232,0.0,0.2307692307692308,0.038461538461538464,0.0
Tooting Bec,0.0,0.0,0.0,0.0,0.5283018867924528,0.2075471698113208,0.0,0.22641509433962265,0.03773584905660377,0.0
Tottenham,0.2857142857142857,0.0,0.0,0.0,0.14285714285714285,0.14285714285714285,0.0,0.14285714285714285,0.2857142857142857,0.0
Tottenham Green,0.03448275862068965,0.06896551724137931,0.0,0.0,0.4827586206896552,0.10344827586206896,0.03448275862068965,0.1724137931034483,0.10344827586206896,0.0
Tottenham Hale,0.0,0.08108108108108109,0.0,0.0,0.32432432432432434,0.10810810810810813,0.16216216216216214,0.2432432432432433,0.08108108108108109,0.0
Totteridge,0.0,0.3333333333333333,0.0,0.0,0.0,0.3333333333333333,0.0,0.0,0.3333333333333333,1.0
Tower Hill,0.11688311688311688,0.03896103896103896,0.0,0.0,0.3896103896103896,0.1038961038961039,0.14285714285714285,0.025974025974025976,0.18181818181818185,0.0
Tufnell Park,0.057142857142857134,0.028571428571428567,0.0,0.0,0.5714285714285714,0.08571428571428573,0.057142857142857134,0.11428571428571427,0.08571428571428573,1.0
Tulse Hill,0.0,0.0,0.0,0.0,0.0,0.0,0.5,0.25,0.25,0.0
Turnpike Lane,0.0,0.023809523809523808,0.023809523809523808,0.0,0.5,0.07142857142857142,0.023809523809523808,0.3333333333333333,0.023809523809523808,0.0
Twickenham,0.0,0.25,0.0,0.0,0.25,0.375,0.0,0.0,0.125,0.0
Upminster,0.0,0.0,0.0,0.0,0.4137931034482759,0.06896551724137931,0.03448275862068965,0.20689655172413796,0.27586206896551724,0.0
Upminster Bridge,0.14285714285714285,0.0,0.0,0.0,0.2857142857142857,0.14285714285714285,0.2857142857142857,0.0,0.14285714285714285,0.0
Upper Clapton,0.07692307692307693,0.0,0.0,0.0,0.5384615384615384,0.07692307692307693,0.07692307692307693,0.2307692307692308,0.0,0.0
Upper Holloway,0.0,0.028571428571428567,0.0,0.0,0.5142857142857142,0.11428571428571427,0.028571428571428567,0.17142857142857146,0.14285714285714285,0.0
Upper Norwood,0.0,0.0,0.0,0.0,0.7857142857142857,0.03571428571428571,0.07142857142857142,0.10714285714285714,0.0,0.0
Upper Ruxley,0.0,0.0,0.0,0.0,1.0,0.0,0.0,0.0,0.0,0.0
Upper Walthamstow,0.0,0.0,0.0,0.0,0.25,0.25,0.125,0.25,0.125,0.0
Upton,0.25,0.0,0.0,0.0,0.25,0.0,0.25,0.25,0.0,0.0
Upton Park,0.0,0.07142857142857142,0.0,0.0,0.35714285714285715,0.07142857142857142,0.0,0.42857142857142855,0.07142857142857142,0.0
Uxbridge,0.0,0.3333333333333333,0.0,0.0,0.6666666666666666,0.0,0.0,0.0,0.0,0.0
Vauxhall,0.054054054054054064,0.08108108108108109,0.0,0.0,0.35135135135135137,0.21621621621621626,0.10810810810810813,0.16216216216216214,0.027027027027027032,0.0
Waddon,0.0,0.0,0.0,0.0,0.3333333333333333,0.0,0.3333333333333333,0.3333333333333333,0.0,0.0
Walthamstow,0.0625,0.0,0.0,0.0,0.5,0.25,0.125,0.0625,0.0,0.0
Walthamstow Village,0.09090909090909093,0.0,0.0,0.0,0.5909090909090909,0.2272727272727273,0.0,0.045454545454545456,0.045454545454545456,0.0
Walworth,0.03448275862068965,0.0,0.0,0.0,0.5862068965517241,0.0,0.0,0.3103448275862069,0.06896551724137931,1.0
Wandsworth,0.030303030303030307,0.030303030303030307,0.0,0.0,0.3636363636363637,0.12121212121212123,0.030303030303030307,0.3939393939393939,0.030303030303030307,0.0
Wanstead,0.0,0.0,0.0,0.0,0.6551724137931034,0.10344827586206896,0.06896551724137931,0.1724137931034483,0.0,0.0
Wapping,0.030303030303030307,0.09090909090909093,0.0,0.0,0.3636363636363637,0.09090909090909093,0.24242424242424246,0.18181818181818185,0.0,0.0
Waterloo,0.08695652173913042,0.043478260869565216,0.0,0.0,0.4782608695652174,0.14492753623188406,0.014492753623188406,0.08695652173913042,0.14492753623188406,1.0
Wealdstone,0.0,0.0,0.0,0.0,0.625,0.0,0.0,0.25,0.125,0.0
Well Hall,0.1111111111111111,0.1111111111111111,0.0,0.0,0.3333333333333333,0.0,0.1111111111111111,0.2222222222222222,0.1111111111111111,0.0
Welling,0.0,0.0,0.0,0.0,0.6666666666666666,0.08333333333333333,0.08333333333333333,0.16666666666666666,0.0,0.0
Wembley,0.0,0.06451612903225806,0.0,0.0,0.41935483870967744,0.06451612903225806,0.03225806451612903,0.3870967741935484,0.03225806451612903,0.0
Wembley Park,0.0,0.0,0.0,0.0,0.5238095238095238,0.09523809523809523,0.047619047619047616,0.2380952380952381,0.09523809523809523,0.0
Wennington,0.0,0.0,0.0,0.0,0.2,0.2,0.2,0.2,0.2,0.0
West Brompton,0.2222222222222222,0.05555555555555555,0.0,0.0,0.3333333333333333,0.16666666666666666,0.05555555555555555,0.1111111111111111,0.05555555555555555,1.0
West Drayton,0.0,0.0,0.0,0.0,0.25,0.0,0.0,0.5,0.25,0.0
West Ealing,0.0,0.0,0.0,0.0,0.25,0.0,0.75,0.0,0.0,0.0
West Green,0.0,0.0,0.0,0.0,0.5,0.14285714285714285,0.14285714285714285,0.21428571428571427,0.0,0.0
West Hackney,0.01694915254237288,0.0,0.0,0.0,0.559322033898305,0.22033898305084745,0.03389830508474576,0.15254237288135594,0.01694915254237288,0.0
West Ham,0.0,0.14285714285714285,0.0,0.0,0.5714285714285714,0.0,0.14285714285714285,0.0,0.14285714285714285,0.0
West Hampstead,0.07407407407407407,0.037037037037037035,0.0,0.0,0.6666666666666666,0.07407407407407407,0.037037037037037035,0.1111111111111111,0.0,1.0
West Harrow,0.0,0.0,0.0,0.0,0.2,0.0,0.2,0.4,0.2,0.0
West Hendon,0.0,0.0,0.0,0.0,0.25,0.0,0.08333333333333333,0.3333333333333333,0.3333333333333333,1.0
West Kensington,0.06666666666666668,0.0,0.0,0.0,0.5666666666666667,0.1,0.03333333333333333,0.13333333333333333,0.1,1.0
West Norwood,0.0,0.0,0.0,0.0,0.5,0.16666666666666666,0.16666666666666666,0.16666666666666666,0.0,0.0
West Wickham,0.0,0.0,0.0,0.0,0.42857142857142855,0.07142857142857142,0.07142857142857142,0.42857142857142855,0.0,0.0
Westcombe Park,0.0,0.0,0.0,0.0,0.4545454545454545,0.09090909090909093,0.09090909090909093,0.09090909090909093,0.2727272727272727,0.0
Westminster,0.010752688172043013,0.021505376344086027,0.0,0.0,0.7096774193548387,0.06451612903225806,0.010752688172043013,0.12903225806451613,0.053763440860215055,1.0
Whetstone,0.0,0.0,0.0,0.0,0.4,0.2,0.4,0.0,0.0,1.0
White City,0.04166666666666666,0.125,0.0,0.0,0.5,0.0,0.125,0.16666666666666666,0.04166666666666666,1.0
Whitechapel,0.03,0.03,0.0,0.0,0.61,0.13,0.02,0.11,0.07,1.0
Whitton,0.0,0.0,0.0,0.0,0.2,0.2,0.4,0.2,0.0,0.0
Widmore (also Widmore Green),0.1111111111111111,0.1111111111111111,0.0,0.0,0.3333333333333333,0.2222222222222222,0.1111111111111111,0.1111111111111111,0.0,0.0
Willesden,0.0,0.05,0.0,0.0,0.75,0.0,0.05,0.15,0.0,0.0
Wimbledon,0.027777777777777776,0.05555555555555555,0.0,0.0,0.4861111111111111,0.1527777777777778,0.013888888888888888,0.2361111111111111,0.027777777777777776,0.0
Winchmore Hill,0.0,0.0,0.0,0.0,0.5555555555555556,0.2222222222222222,0.0,0.0,0.2222222222222222,0.0
Wood Green,0.07142857142857142,0.07142857142857142,0.0,0.0,0.4642857142857143,0.17857142857142858,0.0,0.14285714285714285,0.07142857142857142,0.0
Woodford,0.0,0.0,0.0,0.0,0.5555555555555556,0.0,0.0,0.2222222222222222,0.2222222222222222,0.0
Woodford Green,0.2,0.2,0.0,0.0,0.6,0.0,0.0,0.0,0.0,0.0
Woodlands,0.0,0.0,0.0,0.0,0.4,0.4,0.2,0.0,0.0,0.0
Woodside,0.0,0.0,0.0,0.0,0.25,0.0,0.5,0.0,0.25,0.0
Woodside Park,0.25,0.0,0.0,0.0,0.5,0.0,0.0,0.25,0.0,1.0
Woolwich,0.0,0.0,0.0,0.0,0.5,0.07142857142857142,0.03571428571428571,0.35714285714285715,0.03571428571428571,0.0
Worcester Park,0.0,0.0,0.0,0.0,0.3333333333333333,0.0,0.0,0.6666666666666666,0.0,0.0
Wormwood Scrubs,0.2,0.2,0.0,0.0,0.0,0.0,0.4,0.0,0.2,1.0
Yeading,0.0,0.0,0.0,0.0,0.0,0.25,0.0,0.5,0.25,0.0
Yiewsley,0.0,0.0,0.0,0.0,0.1,0.15,0.1,0.25,0.4,0.0
