,Neighbourhood,arts_entertainment,building,education,event,food,nightlife,parks_outdoors,shops,travel
0,Abbey Wood,0.0,0.0,0.0,0.0,0.0,0.0,0.5,0.5,0.0
1,Acton,0.0,0.0,0.0,0.0,0.2,0.0,0.1,0.3,0.4
2,Addington,0.0,0.0,0.0,0.0,0.25,0.0,0.0,0.25,0.5
3,Addiscombe,0.0,0.0,0.0,0.0,0.5,0.0,0.25,0.25,0.0
4,Albany Park,0.0,0.0,0.0,0.0,0.25,0.25,0.0,0.25,0.25
5,Aldborough Hatch,0.0,0.0,0.0,0.0,1.0,0.0,0.0,0.0,0.0
6,Aldgate,0.04,0.04,0.0,0.0,0.63,0.11,0.03,0.03,0.12
7,Aldwych,0.19,0.03,0.0,0.0,0.49,0.09,0.03,0.08,0.09
8,Alperton,0.0,0.125,0.0,0.0,0.625,0.0,0.0,0.25,0.0
9,Anerley,0.0625,0.0,0.0,0.0,0.125,0.125,0.1875,0.1875,0.3125
10,Angel,0.05405405405405406,0.02702702702702703,0.0,0.0,0.581081081081081,0.10810810810810811,0.04054054054054054,0.14864864864864866,0.04054054054054054
11,Aperfield,0.5,0.0,0.0,0.0,0.5,0.0,0.0,0.0,0.0
12,Archway,0.0,0.03125,0.0,0.0,0.5625,0.15625,0.0,0.21875,0.03125
13,Ardleigh Green,0.0,0.25,0.0,0.0,0.0,0.5,0.0,0.25,0.0
14,Arkley,0.0,0.0,0.0,0.0,0.0,0.0,1.0,0.0,0.0
15,Arnos Grove,0.0,0.0,0.0,0.0,0.16666666666666666,0.0,0.3333333333333333,0.0,0.5
16,Balham,0.0,0.046875,0.0,0.0,0.578125,0.15625,0.0,0.171875,0.046875
17,Bankside,0.15625,0.0625,0.0,0.0,0.390625,0.125,0.0625,0.078125,0.125
18,Barbican,0.14084507042253522,0.04225352112676056,0.0,0.0,0.4647887323943662,0.14084507042253522,0.11267605633802817,0.014084507042253521,0.08450704225352113
19,Barking,0.0,0.05,0.0,0.0,0.35,0.05,0.05,0.35,0.15
20,Barkingside,0.125,0.0,0.0,0.0,0.375,0.0,0.125,0.25,0.125
21,Barnehurst,0.0,0.0,0.0,0.0,0.0,0.0,0.3333333333333333,0.6666666666666666,0.0
22,Barnes,0.2222222222222222,0.05555555555555555,0.0,0.0,0.3888888888888889,0.05555555555555555,0.16666666666666666,0.1111111111111111,0.0
23,"Barnet (also Chipping Barnet, High Barnet)",0.0,0.25,0.0,0.0,0.0,0.5,0.0,0.0,0.25
24,Barnet Gate,0.3333333333333333,0.0,0.0,0.0,0.0,0.3333333333333333,0.3333333333333333,0.0,0.0
25,Barnsbury,0.13333333333333333,0.0,0.0,0.0,0.5,0.06666666666666667,0.1,0.1,0.1
26,Battersea,0.011764705882352941,0.023529411764705882,0.0,0.0,0.49411764705882355,0.25882352941176473,0.0,0.18823529411764706,0.023529411764705882
27,Bayswater,0.041666666666666664,0.027777777777777776,0.0,0.0,0.5555555555555556,0.1111111111111111,0.05555555555555555,0.16666666666666666,0.041666666666666664
28,Beckenham,0.0,0.0,0.0,0.0,0.5555555555555556,0.19444444444444445,0.027777777777777776,0.16666666666666666,0.05555555555555555
29,Beckton,0.0,0.1111111111111111,0.0,0.0,0.0,0.1111111111111111,0.0,0.5555555555555556,0.2222222222222222
30,Becontree,0.0,0.0,0.0,0.0,0.0,0.0,0.0,1.0,0.0
31,Becontree Heath,0.0,0.125,0.0,0.0,0.125,0.0,0.25,0.375,0.125
32,Beddington,0.0,0.09090909090909091,0.0,0.0,0.18181818181818182,0.0,0.0,0.7272727272727273,0.0
33,Bedford Park,0.0,0.0,0.0,0.0,0.7777777777777778,0.0,0.0,0.1111111111111111,0.1111111111111111
34,Belgravia,0.014705882352941176,0.029411764705882353,0.0,0.0,0.4852941176470588,0.07352941176470588,0.058823529411764705,0.20588235294117646,0.1323529411764706
35,Bellingham,0.0,0.2,0.0,0.0,0.0,0.0,0.2,0.4,0.2
36,Belmont,0.0,0.0,0.0,0.0,0.5714285714285714,0.14285714285714285,0.0,0.2857142857142857,0.0
37,Belsize Park,0.0,0.0,0.0,0.0,0.56,0.12,0.08,0.16,0.08
38,Belvedere,0.0,0.0,0.0,0.5,0.0,0.0,0.0,0.5,0.0
39,Bermondsey,0.04081632653061224,0.02040816326530612,0.0,0.0,0.5510204081632653,0.22448979591836735,0.08163265306122448,0.061224489795918366,0.02040816326530612
40,Berrylands,0.0,0.3333333333333333,0.0,0.0,0.0,0.0,0.3333333333333333,0.0,0.3333333333333333
41,Bethnal Green,0.0,0.037037037037037035,0.0,0.0,0.5370370370370371,0.14814814814814814,0.05555555555555555,0.2037037037037037,0.018518518518518517
42,"Bexley (also Old Bexley, Bexley Village)",0.0,0.0,0.0,0.0,0.5,0.2,0.0,0.2,0.1
43,Bexleyheath (also Bexley New Town),0.0,0.25,0.0,0.0,0.0,0.5,0.0,0.25,0.0
44,Bickley,0.2,0.0,0.0,0.0,0.2,0.0,0.0,0.4,0.2
45,Biggin Hill,0.0,0.0,0.0,0.0,0.0,0.0,0.25,0.75,0.0
46,Blackfen,0.0,0.0,0.0,0.0,0.0,0.2,0.2,0.4,0.2
47,Blackfriars,0.024390243902439025,0.06097560975609756,0.0,0.0,0.5975609756097561,0.10975609756097561,0.0975609756097561,0.04878048780487805,0.06097560975609756
48,Blackheath,0.0,0.0,0.0,0.0,0.6923076923076923,0.11538461538461539,0.038461538461538464,0.038461538461538464,0.11538461538461539
49,Blackheath Royal Standard,0.125,0.0,0.0,0.0,0.25,0.25,0.0,0.375,0.0
50,Blackwall,0.0,0.1111111111111111,0.0,0.0,0.2777777777777778,0.1111111111111111,0.0,0.16666666666666666,0.3333333333333333
51,Blendon,0.0,0.0,0.0,0.0,0.6,0.2,0.0,0.2,0.0
52,Bloomsbury,0.07368421052631578,0.021052631578947368,0.0,0.0,0.45263157894736844,0.15789473684210525,0.06315789473684211,0.11578947368421053,0.11578947368421053
53,Botany Bay,0.0,0.0,0.0,0.0,0.3333333333333333,0.3333333333333333,0.0,0.3333333333333333,0.0
54,Bounds Green,0.06666666666666667,0.0,0.0,0.0,0.3333333333333333,0.2,0.06666666666666667,0.2,0.13333333333333333
55,Bow,0.0,0.0,0.0,0.0,0.5217391304347826,0.21739130434782608,0.0,0.2608695652173913,0.0
56,Bowes Park,0.0,0.08333333333333333,0.0,0.0,0.4166666666666667,0.16666666666666666,0.08333333333333333,0.08333333333333333,0.16666666666666666
57,Brent Cross,0.0,0.020833333333333332,0.0,0.0,0.3958333333333333,0.0,0.041666666666666664,0.5416666666666666,0.0
58,Brent Park,0.0,0.0,0.0,0.0,0.75,0.0,0.0,0.25,0.0
59,Brentford,0.0,0.0,0.0,0.0,0.5,0.19230769230769232,0.07692307692307693,0.15384615384615385,0.07692307692307693
60,Brimsdown,0.0,0.2,0.0,0.0,0.2,0.0,0.0,0.6,0.0
61,Brixton,0.14285714285714285,0.047619047619047616,0.0,0.0,0.47619047619047616,0.19047619047619047,0.047619047619047616,0.09523809523809523,0.0
62,Brockley,0.1111111111111111,0.05555555555555555,0.0,0.0,0.3888888888888889,0.1111111111111111,0.0,0.2222222222222222,0.1111111111111111
63,Bromley,0.0,0.08333333333333333,0.0,0.0,0.7083333333333334,0.125,0.0,0.08333333333333333,0.0
64,Bromley (also Bromley-by-Bow),0.07142857142857142,0.07142857142857142,0.0,0.0,0.14285714285714285,0.21428571428571427,0.0,0.21428571428571427,0.2857142857142857
65,Bromley Common,0.0,0.0,0.0,0.0,0.0,0.0,0.3333333333333333,0.6666666666666666,0.0
66,Brondesbury,0.0,0.0,0.0,0.0,0.64,0.12,0.0,0.08,0.16
67,Brunswick Park,0.0,0.0,0.0,0.0,0.3333333333333333,0.0,0.3333333333333333,0.0,0.3333333333333333
68,Bulls Cross,0.25,0.0,0.0,0.0,0.0,0.25,0.5,0.0,0.0
69,Burnt Oak,0.0,0.0,0.0,0.0,0.6666666666666666,0.0,0.0,0.3333333333333333,0.0
70,"Burroughs, The",0.0,0.0625,0.0625,0.0,0.5625,0.0625,0.0625,0.125,0.0625
71,Camberwell,0.05454545454545454,0.03636363636363636,0.0,0.0,0.5636363636363636,0.12727272727272726,0.03636363636363636,0.09090909090909091,0.09090909090909091
72,Cambridge Heath,0.10416666666666667,0.0625,0.0,0.0,0.4375,0.16666666666666666,0.0625,0.125,0.041666666666666664
73,Camden Town,0.05102040816326531,0.01020408163265306,0.0,0.0,0.5510204081632653,0.16326530612244897,0.04081632653061224,0.15306122448979592,0.030612244897959183
74,Canary Wharf,0.03,0.04,0.0,0.0,0.65,0.03,0.11,0.1,0.04
75,Cann Hall,0.0,0.1111111111111111,0.0,0.0,0.4444444444444444,0.1111111111111111,0.0,0.3333333333333333,0.0
76,Canning Town,0.14285714285714285,0.0,0.0,0.0,0.14285714285714285,0.0,0.14285714285714285,0.42857142857142855,0.14285714285714285
77,Canonbury,0.05555555555555555,0.0,0.0,0.0,0.6666666666666666,0.16666666666666666,0.1111111111111111,0.0,0.0
78,Carshalton,0.0,0.0,0.0,0.0,0.21428571428571427,0.2857142857142857,0.07142857142857142,0.21428571428571427,0.21428571428571427
79,Castelnau,0.0,0.0,0.0,0.0,0.42857142857142855,0.42857142857142855,0.14285714285714285,0.0,0.0
80,Castle Green,0.5,0.0,0.0,0.0,0.0,0.25,0.25,0.0,0.0
81,Catford,0.03125,0.0,0.0,0.0,0.375,0.09375,0.0,0.34375,0.15625
82,Chadwell Heath,0.0,0.0,0.0,0.0,0.0,0.25,0.5,0.25,0.0
83,Chalk Farm,0.03333333333333333,0.05,0.0,0.0,0.43333333333333335,0.18333333333333332,0.08333333333333333,0.21666666666666667,0.0
84,Charing Cross,0.18,0.04,0.0,0.0,0.4,0.1,0.1,0.1,0.08
85,Charlton,0.07692307692307693,0.0,0.0,0.0,0.38461538461538464,0.0,0.07692307692307693,0.38461538461538464,0.07692307692307693
86,Chase Cross,0.0,0.0,0.0,0.0,0.6,0.2,0.0,0.0,0.2
87,Cheam,0.0,0.0,0.0,0.0,0.4166666666666667,0.16666666666666666,0.0,0.3333333333333333,0.08333333333333333
88,Chelsea,0.017857142857142856,0.03571428571428571,0.0,0.0,0.6607142857142857,0.05357142857142857,0.08928571428571429,0.125,0.017857142857142856
89,Chelsfield,0.0,0.0,0.0,0.0,0.0,0.3333333333333333,0.0,0.6666666666666666,0.0
90,Chessington,0.0,0.0,0.0,0.0,0.2,0.0,0.0,0.4,0.4
91,Childs Hill,0.0,0.0,0.0,0.0,0.5,0.0,0.0,0.3333333333333333,0.16666666666666666
92,Chinatown,0.18,0.01,0.0,0.0,0.53,0.11,0.03,0.11,0.03
93,Chinbrook,0.4,0.0,0.0,0.2,0.0,0.0,0.2,0.2,0.0
94,Chingford,0.16666666666666666,0.0,0.0,0.0,0.16666666666666666,0.3333333333333333,0.0,0.16666666666666666,0.16666666666666666
95,Chislehurst,0.0,0.0,0.0,0.0,0.6666666666666666,0.3333333333333333,0.0,0.0,0.0
96,Chiswick,0.017543859649122806,0.0,0.0,0.0,0.5263157894736842,0.10526315789473684,0.08771929824561403,0.22807017543859648,0.03508771929824561
97,Church End,0.0,0.0,0.0,0.0,0.7741935483870968,0.0967741935483871,0.0,0.12903225806451613,0.0
98,Clapham,0.014705882352941176,0.029411764705882353,0.0,0.0,0.6029411764705882,0.17647058823529413,0.058823529411764705,0.11764705882352941,0.0
99,Clerkenwell,0.07,0.02,0.0,0.0,0.53,0.22,0.07,0.07,0.02
100,Cockfosters,0.0,0.0,0.0,0.0,0.625,0.125,0.0,0.25,0.0
101,Colindale,0.0,0.1,0.0,0.0,0.4,0.0,0.1,0.4,0.0
102,Collier Row,0.0,0.0,0.0,0.0,0.0,0.0,0.5,0.5,0.0
103,Colliers Wood,0.0,0.0,0.0,0.0,0.21428571428571427,0.07142857142857142,0.0,0.5714285714285714,0.14285714285714285
104,Colney Hatch,0.0,0.1111111111111111,0.0,0.0,0.3333333333333333,0.0,0.2222222222222222,0.3333333333333333,0.0
105,Colyers,0.0,0.0,0.0,0.0,0.2,0.0,0.0,0.8,0.0
106,Coney Hall,0.0,0.0,0.0,0.0,0.2,0.2,0.2,0.4,0.0
107,Coombe,0.0,0.04,0.0,0.0,0.6,0.16,0.0,0.16,0.04
108,Coulsdon,0.0,0.0,0.0,0.0,0.125,0.125,0.0,0.75,0.0
109,Covent Garden,0.15,0.03,0.0,0.0,0.5,0.02,0.01,0.26,0.03
110,Cowley,0.0,0.0,0.0,0.0,0.2857142857142857,0.42857142857142855,0.2857142857142857,0.0,0.0
111,Cranford,0.0,0.0,0.0,0.0,0.5,0.0,0.1,0.2,0.2
112,Cranham,0.0,0.0,0.0,0.0,0.6,0.0,0.2,0.2,0.0
113,Crayford,0.0625,0.0,0.0,0.0,0.3125,0.0625,0.0,0.4375,0.125
114,Creekmouth,0.0,0.0,0.0,0.0,0.0,0.0,0.0,1.0,0.0
115,Crews Hill,0.25,0.0,0.0,0.0,0.0,0.0,0.5,0.25,0.0
116,Cricklewood,0.0,0.0,0.0,0.0,0.5925925925925926,0.07407407407407407,0.0,0.18518518518518517,0.14814814814814814
117,Crofton Park,0.1111111111111111,0.05555555555555555,0.0,0.0,0.3888888888888889,0.1111111111111111,0.0,0.2222222222222222,0.1111111111111111
118,Crook Log,0.14285714285714285,0.2857142857142857,0.0,0.0,0.42857142857142855,0.14285714285714285,0.0,0.0,0.0
119,Crossness,0.25,0.0,0.0,0.0,0.0,0.0,0.25,0.5,0.0
120,Crouch End,0.07547169811320754,0.05660377358490566,0.0,0.0,0.6037735849056604,0.11320754716981132,0.0,0.1320754716981132,0.018867924528301886
121,Croydon,0.0,0.0,0.0,0.0,0.0,0.0,0.2,0.6,0.2
122,Crystal Palace,0.09090909090909091,0.045454545454545456,0.0,0.0,0.18181818181818182,0.0,0.3181818181818182,0.09090909090909091,0.2727272727272727
123,Cubitt Town,0.0,0.0,0.0,0.0,0.3333333333333333,0.1111111111111111,0.3333333333333333,0.2222222222222222,0.0
124,Cudham,0.5,0.0,0.0,0.0,0.0,0.5,0.0,0.0,0.0
125,Custom House,0.034482758620689655,0.0,0.0,0.0,0.4827586206896552,0.06896551724137931,0.06896551724137931,0.0,0.3448275862068966
126,Dagenham,0.0,0.0,0.0,0.0,0.0,0.0,0.25,0.75,0.0
127,Dalston,0.029411764705882353,0.029411764705882353,0.0,0.0,0.5294117647058824,0.14705882352941177,0.029411764705882353,0.17647058823529413,0.058823529411764705
128,De Beauvoir Town,0.0,0.0,0.0,0.0,0.5277777777777778,0.19444444444444445,0.1111111111111111,0.16666666666666666,0.0
129,Denmark Hill,0.0,0.05263157894736842,0.0,0.0,0.5263157894736842,0.21052631578947367,0.05263157894736842,0.10526315789473684,0.05263157894736842
130,Deptford,0.06,0.08,0.0,0.0,0.36,0.18,0.02,0.16,0.14
131,Derry Downs,0.0,0.0,0.0,0.0,0.0,0.5,0.0,0.5,0.0
132,Dollis Hill,0.14285714285714285,0.0,0.0,0.0,0.42857142857142855,0.2857142857142857,0.0,0.14285714285714285,0.0
133,Downe,0.25,0.0,0.0,0.0,0.0,0.5,0.25,0.0,0.0
134,Downham,0.0,0.25,0.0,0.0,0.0,0.0,0.5,0.25,0.0
135,Dulwich,0.25,0.0,0.0,0.0,0.25,0.25,0.25,0.0,0.0
136,Ealing,0.029411764705882353,0.058823529411764705,0.0,0.0,0.47058823529411764,0.14705882352941177,0.058823529411764705,0.058823529411764705,0.17647058823529413
137,Earls Court,0.031746031746031744,0.015873015873015872,0.0,0.0,0.42857142857142855,0.06349206349206349,0.06349206349206349,0.07936507936507936,0.31746031746031744
138,Earlsfield,0.034482758620689655,0.034482758620689655,0.0,0.0,0.5172413793103449,0.2413793103448276,0.034482758620689655,0.10344827586206896,0.034482758620689655
139,East Barnet,0.0,0.0,0.0,0.0,0.4,0.2,0.0,0.4,0.0
140,East Bedfont,0.0,0.0,0.0,0.0,0.5714285714285714,0.14285714285714285,0.0,0.2857142857142857,0.0
141,East Dulwich,0.07142857142857142,0.0,0.0,0.0,0.2857142857142857,0.07142857142857142,0.14285714285714285,0.21428571428571427,0.21428571428571427
142,East Finchley,0.0,0.0,0.0,0.0,0.4444444444444444,0.2222222222222222,0.0,0.2222222222222222,0.1111111111111111
143,East Ham,0.0,0.06666666666666667,0.0,0.0,0.3333333333333333,0.13333333333333333,0.13333333333333333,0.3333333333333333,0.0
144,East Sheen,0.0,0.0,0.0,0.0,0.5652173913043478,0.17391304347826086,0.043478260869565216,0.21739130434782608,0.0
145,East Wickham,0.0,0.0,0.0,0.0,0.3333333333333333,0.3333333333333333,0.0,0.3333333333333333,0.0
146,Eden Park,0.16666666666666666,0.0,0.0,0.0,0.16666666666666666,0.0,0.0,0.3333333333333333,0.3333333333333333
147,Edgware,0.0,0.0,0.0,0.0,0.9285714285714286,0.0,0.0,0.07142857142857142,0.0
148,Edmonton,0.0625,0.0,0.0,0.0,0.4375,0.0625,0.0625,0.3125,0.0625
149,Eel Pie Island,0.021739130434782608,0.021739130434782608,0.0,0.0,0.5217391304347826,0.13043478260869565,0.06521739130434782,0.1956521739130435,0.043478260869565216
150,Elephant and Castle,0.06521739130434782,0.06521739130434782,0.021739130434782608,0.0,0.4782608695652174,0.15217391304347827,0.10869565217391304,0.043478260869565216,0.06521739130434782
151,Elm Park,0.0,0.0,0.0,0.0,0.5714285714285714,0.0,0.0,0.42857142857142855,0.0
152,Elmers End,0.125,0.0,0.0,0.0,0.75,0.125,0.0,0.0,0.0
153,Elmstead,0.0,0.0,0.0,0.0,0.0,0.0,0.0,0.0,1.0
154,Eltham,0.06666666666666667,0.03333333333333333,0.0,0.0,0.3333333333333333,0.16666666666666666,0.0,0.36666666666666664,0.03333333333333333
155,Emerson Park,0.0,1.0,0.0,0.0,0.0,0.0,0.0,0.0,0.0
156,Enfield Highway,0.0,0.0,0.0,0.0,0.5,0.25,0.0,0.25,0.0
157,Enfield Lock,0.0,0.0,0.0,0.0,0.25,0.0,0.25,0.0,0.5
158,Enfield Town,0.016129032258064516,0.08064516129032258,0.0,0.0,0.3709677419354839,0.08064516129032258,0.03225806451612903,0.3870967741935484,0.03225806451612903
159,Enfield Wash,0.0,0.06666666666666667,0.0,0.0,0.4666666666666667,0.13333333333333333,0.06666666666666667,0.26666666666666666,0.0
160,Erith,0.0,0.09090909090909091,0.0,0.0,0.2727272727272727,0.0,0.09090909090909091,0.45454545454545453,0.09090909090909091
161,Falconwood,0.0,0.0,0.0,0.0,0.25,0.0,0.0,0.75,0.0
162,Feltham,0.06666666666666667,0.0,0.0,0.0,0.13333333333333333,0.0,0.0,0.6,0.2
163,Finchley,0.0,0.25,0.0,0.0,0.75,0.0,0.0,0.0,0.0
164,Finsbury,0.07,0.02,0.0,0.0,0.53,0.22,0.07,0.07,0.02
165,Finsbury Park,0.05555555555555555,0.0,0.0,0.0,0.3333333333333333,0.05555555555555555,0.1111111111111111,0.2222222222222222,0.2222222222222222
166,Fitzrovia,0.01,0.01,0.0,0.0,0.69,0.08,0.01,0.14,0.06
167,Foots Cray,0.0,0.0,0.0,0.0,0.16666666666666666,0.16666666666666666,0.16666666666666666,0.5,0.0
168,Forest Gate,0.0,0.0,0.0,0.0,0.5,0.08333333333333333,0.0,0.25,0.16666666666666666
169,Forestdale,0.0,0.0,0.0,0.0,0.0,0.25,0.75,0.0,0.0
170,Fortis Green,0.029411764705882353,0.0,0.0,0.0,0.4411764705882353,0.14705882352941177,0.029411764705882353,0.20588235294117646,0.14705882352941177
171,Freezywater,0.0,0.0,0.0,0.0,0.6666666666666666,0.0,0.0,0.2222222222222222,0.1111111111111111
172,Friern Barnet,0.0,0.0,0.0,0.0,0.5,0.0,0.0,0.5,0.0
173,Frognal,0.07692307692307693,0.05128205128205128,0.0,0.0,0.6153846153846154,0.05128205128205128,0.0,0.1794871794871795,0.02564102564102564
174,Fulham,0.1111111111111111,0.044444444444444446,0.0,0.0,0.4666666666666667,0.13333333333333333,0.011111111111111112,0.18888888888888888,0.044444444444444446
175,Fulwell,0.0,0.0,0.0,0.0,0.5,0.14285714285714285,0.14285714285714285,0.07142857142857142,0.14285714285714285
176,Gallows Corner,0.0,0.0,0.0,0.0,0.5555555555555556,0.0,0.0,0.4444444444444444,0.0
177,Gants Hill,0.0,0.0,0.0,0.0,0.6,0.1,0.0,0.2,0.1
178,Gidea Park,0.0,0.0,0.0,0.0,1.0,0.0,0.0,0.0,0.0
179,Gipsy Hill,0.0,0.0,0.0,0.0,0.8333333333333334,0.041666666666666664,0.041666666666666664,0.041666666666666664,0.041666666666666664
180,Goddington,0.25,0.0,0.0,0.0,0.25,0.0,0.25,0.25,0.0
181,Golders Green,0.0,0.0,0.0,0.0,0.7352941176470589,0.029411764705882353,0.0,0.17647058823529413,0.058823529411764705
182,Goodmayes,0.0,0.0,0.0,0.0,0.2,0.2,0.2,0.2,0.2
183,Gospel Oak,0.1,0.1,0.0,0.0,0.45,0.05,0.1,0.15,0.05
184,Grahame Park,0.23076923076923078,0.07692307692307693,0.0,0.0,0.3076923076923077,0.07692307692307693,0.07692307692307693,0.23076923076923078,0.0
185,Grange Park,0.0,0.0,0.0,0.0,0.5,0.0,0.25,0.0,0.25
186,Greenford,0.14285714285714285,0.0,0.0,0.0,0.5714285714285714,0.0,0.0,0.2857142857142857,0.0
187,Greenwich,0.1568627450980392,0.00980392156862745,0.00980392156862745,0.0,0.3431372549019608,0.11764705882352941,0.14705882352941177,0.08823529411764706,0.12745098039215685
188,Grove Park,0.0,0.0,0.0,0.0,0.5555555555555556,0.1111111111111111,0.0,0.2222222222222222,0.1111111111111111
189,Gunnersbury,0.0,0.047619047619047616,0.0,0.0,0.47619047619047616,0.047619047619047616,0.047619047619047616,0.19047619047619047,0.19047619047619047
190,Hackney,0.06666666666666667,0.0,0.0,0.0,0.4,0.23333333333333334,0.06666666666666667,0.23333333333333334,0.0
191,Hackney Central,0.06666666666666667,0.03333333333333333,0.0,0.0,0.5333333333333333,0.13333333333333333,0.05,0.13333333333333333,0.05
192,Hackney Marshes,0.25,0.0,0.0,0.0,0.0,0.0,0.25,0.5,0.0
193,Hackney Wick,0.1724137931034483,0.034482758620689655,0.0,0.0,0.41379310344827586,0.2413793103448276,0.034482758620689655,0.06896551724137931,0.034482758620689655
194,Hadley Wood,0.0,0.0,0.0,0.0,0.0,0.0,0.5,0.25,0.25
195,Haggerston,0.07692307692307693,0.02564102564102564,0.0,0.0,0.46153846153846156,0.23076923076923078,0.07692307692307693,0.07692307692307693,0.05128205128205128
196,Hainault,0.0,0.0,0.0,0.0,0.2,0.2,0.0,0.4,0.2
197,Ham,0.0,0.0,0.0,0.0,0.2,0.2,0.2,0.4,0.0
198,Hammersmith,0.02247191011235955,0.0449438202247191,0.0,0.0,0.5280898876404494,0.1348314606741573,0.033707865168539325,0.15730337078651685,0.07865168539325842
199,Hampstead,0.0625,0.020833333333333332,0.0,0.0,0.6875,0.08333333333333333,0.0,0.125,0.020833333333333332
200,Hampstead Garden Suburb,0.0,0.0,0.0,0.0,0.3333333333333333,0.0,0.3333333333333333,0.3333333333333333,0.0
201,Hampton,0.3333333333333333,0.0,0.0,0.0,0.3333333333333333,0.0,0.3333333333333333,0.0,0.0
202,Hampton Hill,0.0,0.0,0.0,0.0,0.43478260869565216,0.13043478260869565,0.17391304347826086,0.17391304347826086,0.08695652173913043
203,Hampton Wick,0.0,0.05263157894736842,0.0,0.0,0.42105263157894735,0.15789473684210525,0.10526315789473684,0.10526315789473684,0.15789473684210525
204,Hanwell,0.0,0.0,0.0,0.0,0.0,0.0,0.5,0.5,0.0
205,Hanworth,0.0,0.14285714285714285,0.0,0.0,0.2857142857142857,0.14285714285714285,0.2857142857142857,0.14285714285714285,0.0
206,Harefield,0.0,0.0,0.0,0.0,0.5,0.0,0.0,0.5,0.0
207,Harlesden,0.0,0.0,0.0,0.0,0.4,0.05,0.05,0.3,0.2
208,Harlington,0.0,0.05555555555555555,0.0,0.0,0.3333333333333333,0.16666666666666666,0.05555555555555555,0.16666666666666666,0.2222222222222222
209,Harmondsworth,0.0,0.0,0.0,0.0,0.2222222222222222,0.3333333333333333,0.1111111111111111,0.1111111111111111,0.2222222222222222
210,Harold Hill,0.0,0.0,0.0,0.0,0.5,0.0,0.25,0.25,0.0
211,Harold Park,0.0,0.0,0.0,0.0,0.5,0.0,0.0,0.5,0.0
212,Harold Wood,0.0,0.0,0.0,0.0,0.25,0.25,0.0,0.5,0.0
213,Harringay,0.0,0.02702702702702703,0.0,0.0,0.7297297297297297,0.10810810810810811,0.0,0.10810810810810811,0.02702702702702703
214,Harrow,0.0,0.0,0.0,0.0,0.2857142857142857,0.0,0.2857142857142857,0.42857142857142855,0.0
215,Harrow Weald,0.0,0.0,0.0,0.0,0.6,0.0,0.0,0.4,0.0
216,Harrow on the Hill,0.0,0.3333333333333333,0.0,0.0,0.0,0.0,0.3333333333333333,0.0,0.3333333333333333
217,Hatch End,0.0,0.0,0.0,0.0,0.5,0.0,0.0,0.25,0.25
218,Hatton,0.0,0.1,0.0,0.0,0.2,0.2,0.0,0.2,0.3
219,Havering-atte-Bower,0.0,0.0,0.0,0.0,0.0,0.0,0.0,1.0,0.0
220,Hayes,0.0,0.0,0.0,0.0,0.2857142857142857,0.0,0.0,0.42857142857142855,0.2857142857142857
221,Hazelwood,0.0,0.0,0.0,0.0,0.5,0.0,0.5,0.0,0.0
222,Hendon,0.0,0.05555555555555555,0.0,0.0,0.5555555555555556,0.05555555555555555,0.05555555555555555,0.1111111111111111,0.16666666666666666
223,Herne Hill,0.09090909090909091,0.09090909090909091,0.0,0.0,0.36363636363636365,0.0,0.0,0.36363636363636365,0.09090909090909091
224,Heston,0.0,0.0,0.0,0.0,0.42857142857142855,0.0,0.14285714285714285,0.14285714285714285,0.2857142857142857
225,Highams Park,0.0,0.2,0.0,0.0,0.0,0.0,0.0,0.6,0.2
226,Highbury,0.0,0.0,0.0,0.0,0.5555555555555556,0.1111111111111111,0.05555555555555555,0.1111111111111111,0.16666666666666666
227,Highgate,0.14814814814814814,0.0,0.0,0.0,0.5185185185185185,0.2222222222222222,0.07407407407407407,0.0,0.037037037037037035
228,Hillingdon,0.0,0.0,0.0,0.0,0.6,0.2,0.0,0.2,0.0
229,Hither Green,0.0,0.07407407407407407,0.0,0.0,0.4444444444444444,0.0,0.037037037037037035,0.18518518518518517,0.25925925925925924
230,Holborn,0.13,0.06,0.0,0.0,0.51,0.08,0.05,0.12,0.05
231,Holland Park,0.03125,0.0625,0.0,0.0,0.34375,0.125,0.125,0.25,0.0625
232,Holloway,0.0,0.03773584905660377,0.0,0.0,0.5283018867924528,0.16981132075471697,0.03773584905660377,0.18867924528301888,0.03773584905660377
233,Homerton,0.11764705882352941,0.0,0.0,0.0,0.47058823529411764,0.11764705882352941,0.029411764705882353,0.2647058823529412,0.0
234,Honor Oak,0.0,0.0,0.0,0.0,0.2857142857142857,0.0,0.2857142857142857,0.14285714285714285,0.2857142857142857
235,Hook,0.0,0.0,0.0,0.0,0.75,0.0,0.0,0.25,0.0
236,Horn Park,0.25,0.0,0.0,0.0,0.25,0.0,0.0,0.5,0.0
237,Hornchurch,0.0,0.0,0.0,0.0,0.2,0.2,0.0,0.2,0.4
238,Hornsey,0.0,0.0,0.0,0.0,0.5,0.2,0.1,0.2,0.0
239,Hounslow,0.0,0.0,0.0,0.0,0.3076923076923077,0.15384615384615385,0.0,0.38461538461538464,0.15384615384615385
240,Hoxton,0.02857142857142857,0.02857142857142857,0.0,0.0,0.5142857142857142,0.14285714285714285,0.05714285714285714,0.2,0.02857142857142857
241,Ickenham,0.0,0.0,0.0,0.0,0.0,0.0,0.0,0.5,0.5
242,Ilford,0.0,0.25,0.0,0.0,0.0,0.25,0.25,0.25,0.0
243,Isle of Dogs,0.0625,0.0,0.0,0.0,0.25,0.0625,0.375,0.0625,0.1875
244,Isleworth,0.0,0.25,0.0,0.0,0.25,0.25,0.0,0.0,0.25
245,Islington,0.08064516129032258,0.016129032258064516,0.0,0.0,0.532258064516129,0.1774193548387097,0.03225806451612903,0.12903225806451613,0.03225806451612903
246,Kenley,0.0,0.0,0.0,0.0,0.0,0.25,0.0,0.25,0.5
247,Kennington,0.12121212121212122,0.030303030303030304,0.0,0.0,0.3333333333333333,0.21212121212121213,0.09090909090909091,0.12121212121212122,0.09090909090909091
248,Kensal Green,0.0,0.0,0.0,0.0,0.2857142857142857,0.2857142857142857,0.0,0.2857142857142857,0.14285714285714285
249,Kensington,0.02531645569620253,0.0379746835443038,0.0,0.0,0.6455696202531646,0.08860759493670886,0.02531645569620253,0.12658227848101267,0.05063291139240506
250,Kentish Town,0.016129032258064516,0.03225806451612903,0.0,0.0,0.45161290322580644,0.1935483870967742,0.06451612903225806,0.22580645161290322,0.016129032258064516
251,Kenton,0.0,0.0,0.0,0.0,0.75,0.25,0.0,0.0,0.0
252,Keston,0.0,0.0,0.0,0.0,0.0,0.3333333333333333,0.16666666666666666,0.16666666666666666,0.3333333333333333
253,Kew,0.125,0.0,0.0,0.0,0.25,0.25,0.375,0.0,0.0
254,Kidbrooke,0.2,0.0,0.0,0.0,0.2,0.0,0.0,0.4,0.2
255,Kilburn,0.037037037037037035,0.1111111111111111,0.0,0.0,0.48148148148148145,0.14814814814814814,0.07407407407407407,0.14814814814814814,0.0
256,Kings Cross,0.05952380952380952,0.011904761904761904,0.0,0.0,0.5714285714285714,0.08333333333333333,0.03571428571428571,0.11904761904761904,0.11904761904761904
257,Kingsbury,0.0,0.125,0.0,0.0,0.375,0.125,0.125,0.25,0.0
258,Kingston Vale,0.5,0.0,0.0,0.0,0.25,0.0,0.0,0.25,0.0
259,Kingston upon Thames,0.023809523809523808,0.023809523809523808,0.0,0.0,0.5,0.09523809523809523,0.011904761904761904,0.32142857142857145,0.023809523809523808
260,Knightsbridge,0.01,0.0,0.0,0.0,0.51,0.02,0.01,0.34,0.11
261,Ladywell,0.0,0.0,0.0,0.0,0.3076923076923077,0.23076923076923078,0.15384615384615385,0.3076923076923077,0.0
262,Lambeth,0.07894736842105263,0.05263157894736842,0.0,0.0,0.3157894736842105,0.21052631578947367,0.15789473684210525,0.05263157894736842,0.13157894736842105
263,Lamorbey,0.2,0.0,0.0,0.0,0.0,0.2,0.2,0.4,0.0
264,Lampton,0.2,0.0,0.0,0.0,0.4,0.2,0.0,0.0,0.2
265,Lea Bridge,0.0,0.0,0.0,0.0,0.0,0.125,0.625,0.25,0.0
266,Leamouth,0.0,0.14285714285714285,0.0,0.0,0.42857142857142855,0.0,0.2857142857142857,0.14285714285714285,0.0
267,Leaves Green,0.0,0.0,0.0,0.0,0.0,0.5,0.16666666666666666,0.0,0.3333333333333333
268,Lee,0.0,0.0,0.0,0.0,0.5384615384615384,0.15384615384615385,0.0,0.23076923076923078,0.07692307692307693
269,Lessness Heath,0.0,0.0,0.0,0.0,0.25,0.0,0.0,0.5,0.25
270,Lewisham,0.0,0.03125,0.0,0.0,0.40625,0.09375,0.0,0.375,0.09375
271,Leyton,0.05555555555555555,0.05555555555555555,0.0,0.0,0.3333333333333333,0.1111111111111111,0.05555555555555555,0.3333333333333333,0.05555555555555555
272,Leytonstone,0.027777777777777776,0.0,0.0,0.0,0.4722222222222222,0.16666666666666666,0.027777777777777776,0.25,0.05555555555555555
273,Limehouse,0.23529411764705882,0.0,0.0,0.0,0.29411764705882354,0.0,0.23529411764705882,0.17647058823529413,0.058823529411764705
274,Lisson Grove,0.06666666666666667,0.022222222222222223,0.0,0.0,0.5111111111111111,0.08888888888888889,0.022222222222222223,0.2222222222222222,0.06666666666666667
275,Little Ilford,0.0,0.25,0.0,0.0,0.5,0.0,0.0,0.25,0.0
276,Little Venice,0.027777777777777776,0.05555555555555555,0.0,0.0,0.5555555555555556,0.16666666666666666,0.1111111111111111,0.05555555555555555,0.027777777777777776
277,Locksbottom,0.0,0.0,0.0,0.0,0.0,0.3333333333333333,0.3333333333333333,0.3333333333333333,0.0
278,Longford,0.0,0.0,0.0,0.0,0.3333333333333333,0.3333333333333333,0.0,0.16666666666666666,0.16666666666666666
279,Longlands,0.0,0.0,0.0,0.0,0.5,0.0,0.0,0.5,0.0
280,Lower Clapton,0.0625,0.0,0.0,0.0,0.4375,0.1875,0.09375,0.15625,0.0625
281,Lower Morden,0.0,0.0,0.0,0.0,0.25,0.25,0.25,0.25,0.0
282,Loxford,0.0,0.0,0.0,0.0,0.0,0.0,0.6,0.4,0.0
283,Maida Vale,0.07142857142857142,0.07142857142857142,0.0,0.0,0.6428571428571429,0.14285714285714285,0.0,0.07142857142857142,0.0
284,Malden Rushett,0.0,0.0,0.0,0.0,0.0,0.5,0.0,0.5,0.0
285,Manor House,0.0,0.13043478260869565,0.0,0.0,0.17391304347826086,0.043478260869565216,0.21739130434782608,0.34782608695652173,0.08695652173913043
286,Manor Park,0.0,0.0,0.0,0.0,0.5,0.0,0.25,0.25,0.0
287,Marks Gate,0.0,0.0,0.0,0.0,0.0,0.5,0.0,0.5,0.0
288,Maryland,0.1076923076923077,0.015384615384615385,0.0,0.0,0.4,0.09230769230769231,0.0,0.3384615384615385,0.046153846153846156
289,Marylebone (also St Marylebone),0.09278350515463918,0.030927835051546393,0.0,0.0,0.6185567010309279,0.05154639175257732,0.05154639175257732,0.13402061855670103,0.020618556701030927
290,Mayfair,0.1,0.02,0.0,0.0,0.35,0.11,0.04,0.28,0.1
291,Maze Hill,0.037037037037037035,0.0,0.0,0.0,0.3333333333333333,0.14814814814814814,0.2962962962962963,0.1111111111111111,0.07407407407407407
292,Merton Park,0.1111111111111111,0.0,0.0,0.0,0.4444444444444444,0.1111111111111111,0.1111111111111111,0.0,0.2222222222222222
293,Middle Park,0.0,0.0,0.0,0.0,0.0,0.0,1.0,0.0,0.0
294,Mile End,0.02702702702702703,0.0,0.0,0.0,0.5135135135135135,0.16216216216216217,0.08108108108108109,0.05405405405405406,0.16216216216216217
295,Mill Hill,0.0,0.0,0.0,0.0,0.25,0.25,0.25,0.25,0.0
296,Millbank,0.12195121951219512,0.0,0.0,0.0,0.4878048780487805,0.14634146341463414,0.14634146341463414,0.04878048780487805,0.04878048780487805
297,Millwall,0.0,0.0,0.0,0.0,0.3,0.2,0.3,0.0,0.2
298,Mitcham,0.0,0.0,0.0,0.0,0.0,0.0,0.25,0.5,0.25
299,Monken Hadley,0.0,0.0,0.0,0.0,0.25,0.25,0.25,0.25,0.0
300,Morden,0.0,0.0,0.0,0.0,0.5714285714285714,0.047619047619047616,0.14285714285714285,0.14285714285714285,0.09523809523809523
301,Morden Park,0.0,0.0,0.0,0.0,0.2,0.0,0.4,0.0,0.4
302,Mortlake,0.0,0.0,0.0,0.0,0.55,0.15,0.1,0.2,0.0
303,Motspur Park,0.0,0.0,0.0,0.0,0.16666666666666666,0.0,0.5,0.3333333333333333,0.0
304,Mottingham,0.25,0.0,0.0,0.25,0.0,0.0,0.25,0.25,0.0
305,Nag's Head,0.0,0.03773584905660377,0.0,0.0,0.5283018867924528,0.16981132075471697,0.03773584905660377,0.18867924528301888,0.03773584905660377
306,Neasden,0.0,0.0,0.0,0.0,0.25,0.0,0.0,0.0,0.75
307,New Addington,0.0,0.0,0.0,0.0,0.0,0.0,0.0,0.6,0.4
308,New Barnet,0.0,0.25,0.0,0.0,0.0,0.5,0.0,0.0,0.25
309,New Cross,0.05555555555555555,0.05555555555555555,0.05555555555555555,0.0,0.5555555555555556,0.05555555555555555,0.0,0.1111111111111111,0.1111111111111111
310,New Eltham,0.14285714285714285,0.0,0.0,0.0,0.2857142857142857,0.14285714285714285,0.0,0.2857142857142857,0.14285714285714285
311,New Malden,0.0,0.02702702702702703,0.0,0.0,0.5945945945945946,0.02702702702702703,0.05405405405405406,0.2702702702702703,0.02702702702702703
312,New Southgate,0.0,0.09090909090909091,0.0,0.0,0.2727272727272727,0.0,0.0,0.6363636363636364,0.0
313,Newbury Park,0.0,0.0,0.0,0.0,0.0,0.0,0.0,0.8,0.2
314,Newington,0.041666666666666664,0.041666666666666664,0.0,0.0,0.2916666666666667,0.4166666666666667,0.16666666666666666,0.0,0.041666666666666664
315,Nine Elms,0.058823529411764705,0.11764705882352941,0.0,0.0,0.29411764705882354,0.17647058823529413,0.0,0.23529411764705882,0.11764705882352941
316,Noak Hill,0.0,0.0,0.0,0.0,0.0,0.0,1.0,0.0,0.0
317,Norbiton,0.0,0.0,0.0,0.0,0.7333333333333333,0.13333333333333333,0.0,0.13333333333333333,0.0
318,Norbury,0.0,0.2,0.0,0.0,0.2,0.0,0.0,0.6,0.0
319,North Cray,0.0,0.0,0.0,0.0,0.0,0.0,0.3333333333333333,0.6666666666666666,0.0
320,North Finchley,0.03225806451612903,0.0,0.0,0.0,0.4838709677419355,0.06451612903225806,0.0,0.3225806451612903,0.0967741935483871
321,North Harrow,0.0,0.25,0.0,0.0,0.375,0.0,0.125,0.125,0.125
322,North Kensington,0.0,0.16666666666666666,0.0,0.0,0.16666666666666666,0.0,0.16666666666666666,0.3333333333333333,0.16666666666666666
323,North Sheen,0.0,0.23076923076923078,0.0,0.0,0.23076923076923078,0.0,0.0,0.5384615384615384,0.0
324,North Woolwich,0.0,0.0,0.0,0.0,0.4,0.0,0.0,0.0,0.6
325,Northolt,0.0,0.2,0.0,0.0,0.4,0.0,0.2,0.0,0.2
326,Northumberland Heath,0.0,0.0,0.0,0.0,0.3333333333333333,0.0,0.0,0.6666666666666666,0.0
327,Northwood,0.2,0.2,0.0,0.0,0.0,0.0,0.6,0.0,0.0
328,Norwood Green,0.0,0.0,0.0,0.0,0.5714285714285714,0.0,0.0,0.0,0.42857142857142855
329,Notting Hill,0.016666666666666666,0.0,0.0,0.0,0.5166666666666667,0.11666666666666667,0.016666666666666666,0.26666666666666666,0.06666666666666667
330,Nunhead,0.0,0.0,0.0,0.0,0.0,0.4,0.6,0.0,0.0
331,Oakleigh Park,0.0,0.0,0.0,0.0,0.5714285714285714,0.14285714285714285,0.2857142857142857,0.0,0.0
332,Old Coulsdon,0.0,0.0,0.0,0.0,0.5,0.0,0.0,0.5,0.0
333,Old Ford,0.11764705882352941,0.11764705882352941,0.0,0.0,0.35294117647058826,0.11764705882352941,0.17647058823529413,0.058823529411764705,0.058823529411764705
334,Old Malden,0.0,0.0,0.0,0.0,0.3333333333333333,0.0,0.16666666666666666,0.16666666666666666,0.3333333333333333
335,Old Oak Common,0.2,0.2,0.0,0.0,0.2,0.0,0.2,0.2,0.0
336,Orpington,0.058823529411764705,0.058823529411764705,0.0,0.0,0.5882352941176471,0.0,0.0,0.23529411764705882,0.058823529411764705
337,Osidge,0.0,0.0,0.0,0.0,0.25,0.25,0.25,0.25,0.0
338,Osterley,0.0,0.0,0.0,0.0,0.4,0.0,0.0,0.1,0.5
339,Oval,0.125,0.0,0.0,0.0,0.4166666666666667,0.16666666666666666,0.0625,0.14583333333333334,0.08333333333333333
340,Paddington,0.023255813953488372,0.023255813953488372,0.0,0.0,0.4883720930232558,0.06976744186046512,0.11627906976744186,0.10465116279069768,0.1744186046511628
341,Palmers Green,0.0,0.037037037037037035,0.0,0.0,0.5925925925925926,0.07407407407407407,0.037037037037037035,0.2222222222222222,0.037037037037037035
342,Park Royal,0.2,0.13333333333333333,0.0,0.0,0.4,0.06666666666666667,0.0,0.06666666666666667,0.13333333333333333
343,Parsons Green,0.0,0.057692307692307696,0.0,0.0,0.5769230769230769,0.057692307692307696,0.019230769230769232,0.2692307692307692,0.019230769230769232
344,Peckham,0.1,0.05,0.0,0.0,0.4,0.175,0.0,0.125,0.15
345,Penge,0.0,0.0,0.0,0.0,0.09090909090909091,0.09090909090909091,0.45454545454545453,0.2727272727272727,0.09090909090909091
346,Pentonville,0.1016949152542373,0.01694915254237288,0.0,0.0,0.576271186440678,0.1694915254237288,0.03389830508474576,0.06779661016949153,0.03389830508474576
347,Perivale,0.0,0.0,0.0,0.0,0.5714285714285714,0.0,0.0,0.2857142857142857,0.14285714285714285
348,Petersham,0.0,0.0,0.0,0.0,0.14285714285714285,0.2857142857142857,0.2857142857142857,0.14285714285714285,0.14285714285714285
349,Petts Wood,0.0,0.0625,0.0,0.0,0.5625,0.125,0.0,0.1875,0.0625
350,Pimlico,0.0,0.02127659574468085,0.0,0.0,0.48936170212765956,0.06382978723404255,0.10638297872340426,0.1276595744680851,0.19148936170212766
351,Pinner,0.0,0.09090909090909091,0.0,0.0,0.36363636363636365,0.18181818181818182,0.09090909090909091,0.2727272727272727,0.0
352,Plaistow,0.2,0.0,0.0,0.0,0.4,0.0,0.2,0.0,0.2
353,Plumstead,0.0,0.0,0.0,0.0,0.2,0.2,0.0,0.0,0.6
354,Ponders End,0.0,0.125,0.0,0.0,0.375,0.125,0.0,0.375,0.0
355,Poplar,0.03409090909090909,0.022727272727272728,0.0,0.0,0.625,0.045454545454545456,0.10227272727272728,0.14772727272727273,0.022727272727272728
356,Pratt's Bottom,0.0,0.0,0.0,0.0,0.0,0.5,0.0,0.5,0.0
357,Preston,0.08333333333333333,0.0,0.0,0.0,0.4166666666666667,0.16666666666666666,0.0,0.25,0.08333333333333333
358,Primrose Hill,0.11538461538461539,0.0,0.0,0.0,0.38461538461538464,0.11538461538461539,0.11538461538461539,0.2692307692307692,0.0
359,Purley,0.0,0.0,0.0,0.0,0.6666666666666666,0.06666666666666667,0.0,0.2,0.06666666666666667
360,Putney,0.034482758620689655,0.0,0.0,0.0,0.6551724137931034,0.13793103448275862,0.0,0.1724137931034483,0.0
361,Queen's Park,0.0,0.13636363636363635,0.0,0.0,0.5,0.13636363636363635,0.045454545454545456,0.18181818181818182,0.0
362,Queensbury,0.0,0.0,0.0,0.0,0.5,0.0,0.0,0.16666666666666666,0.3333333333333333
363,Rainham,0.1,0.0,0.0,0.0,0.2,0.1,0.2,0.3,0.1
364,Rayners Lane,0.0,0.0,0.0,0.0,0.7894736842105263,0.05263157894736842,0.0,0.15789473684210525,0.0
365,Raynes Park,0.0,0.0,0.0,0.0,0.25,0.0,0.0,0.5,0.25
366,Redbridge,0.0,0.0,0.0,0.0,0.16666666666666666,0.16666666666666666,0.0,0.16666666666666666,0.5
367,Richmond,0.025,0.0,0.0,0.0,0.675,0.1,0.125,0.05,0.025
368,Riddlesdown,0.0,0.0,0.0,0.0,0.5,0.0,0.0,0.0,0.5
369,Roehampton,0.0,0.05555555555555555,0.0,0.0,0.2777777777777778,0.1111111111111111,0.0,0.2777777777777778,0.2777777777777778
370,Romford,0.05333333333333334,0.02666666666666667,0.0,0.0,0.36,0.05333333333333334,0.02666666666666667,0.4533333333333333,0.02666666666666667
371,Rotherhithe,0.07407407407407407,0.07407407407407407,0.0,0.0,0.2962962962962963,0.037037037037037035,0.18518518518518517,0.2962962962962963,0.037037037037037035
372,Ruislip,0.16666666666666666,0.0,0.0,0.0,0.3333333333333333,0.16666666666666666,0.0,0.25,0.08333333333333333
373,Rush Green,0.0,0.0,0.0,0.0,0.2,0.0,0.0,0.8,0.0
374,Ruxley,0.0,0.0,0.0,0.0,0.6,0.0,0.2,0.2,0.0
375,Sanderstead,0.3333333333333333,0.0,0.0,0.0,0.3333333333333333,0.0,0.3333333333333333,0.0,0.0
376,Sands End,0.024390243902439025,0.07317073170731707,0.024390243902439025,0.0,0.34146341463414637,0.0975609756097561,0.12195121951219512,0.0975609756097561,0.21951219512195122
377,Selhurst,0.0,0.0,0.0,0.0,0.47368421052631576,0.10526315789473684,0.05263157894736842,0.10526315789473684,0.2631578947368421
378,Selsdon,0.0,0.0,0.0,0.0,0.5,0.0,0.0,0.5,0.0
379,Seven Kings,0.0,0.0,0.0,0.0,0.25,0.25,0.0,0.25,0.25
380,Seven Sisters,0.0,0.0,0.0,0.0,0.5,0.0625,0.0,0.25,0.1875
381,Shacklewell,0.0,0.04878048780487805,0.0,0.0,0.4878048780487805,0.2682926829268293,0.0,0.1951219512195122,0.0
382,Shadwell,0.07142857142857142,0.0,0.0,0.0,0.07142857142857142,0.14285714285714285,0.42857142857142855,0.0,0.2857142857142857
383,Shepherd's Bush,0.07017543859649122,0.017543859649122806,0.0,0.0,0.5789473684210527,0.10526315789473684,0.0,0.15789473684210525,0.07017543859649122
384,Shooter's Hill,0.0,0.0,0.0,0.0,0.25,0.5,0.25,0.0,0.0
385,Shoreditch,0.05,0.05,0.0,0.0,0.51,0.13,0.02,0.19,0.05
386,Sidcup,0.0,0.0,0.0,0.0,0.5714285714285714,0.07142857142857142,0.0,0.2857142857142857,0.07142857142857142
387,Silvertown,0.0,0.0,0.0,0.0,0.2,0.0,0.2,0.4,0.2
388,Sipson,0.0,0.0,0.0,0.0,0.3333333333333333,0.2222222222222222,0.0,0.1111111111111111,0.3333333333333333
389,Slade Green,0.0,0.0,0.0,0.0,0.25,0.0,0.0,0.25,0.5
390,Snaresbrook,0.0,0.0,0.0,0.0,0.0,0.0,0.5,0.5,0.0
391,Soho,0.15,0.01,0.0,0.0,0.52,0.11,0.04,0.14,0.03
392,South Croydon,0.0,0.0,0.0,0.0,0.5,0.0,0.16666666666666666,0.0,0.3333333333333333
393,South Hackney,0.0,0.0,0.0,0.0,0.5,0.2857142857142857,0.07142857142857142,0.14285714285714285,0.0
394,South Harrow,0.0,0.0,0.0,0.0,0.6470588235294118,0.058823529411764705,0.058823529411764705,0.23529411764705882,0.0
395,South Hornchurch,0.0,0.0,0.0,0.0,0.25,0.0,0.0,0.75,0.0
396,South Kensington,0.01,0.04,0.0,0.0,0.66,0.04,0.03,0.11,0.11
397,South Norwood,0.0,0.0,0.0,0.0,0.3333333333333333,0.1111111111111111,0.1111111111111111,0.2222222222222222,0.2222222222222222
398,South Ruislip,0.05263157894736842,0.05263157894736842,0.0,0.0,0.10526315789473684,0.05263157894736842,0.10526315789473684,0.5263157894736842,0.10526315789473684
399,South Tottenham,0.0,0.0,0.0,0.0,0.5217391304347826,0.08695652173913043,0.0,0.21739130434782608,0.17391304347826086
400,South Wimbledon,0.0,0.034482758620689655,0.0,0.0,0.6206896551724138,0.06896551724137931,0.0,0.10344827586206896,0.1724137931034483
401,South Woodford,0.03125,0.03125,0.0,0.0,0.5625,0.15625,0.0,0.1875,0.03125
402,Southall,0.0,0.0,0.0,0.0,0.9047619047619048,0.0,0.0,0.047619047619047616,0.047619047619047616
403,Southbank,0.14,0.05,0.0,0.0,0.43,0.14,0.09,0.09,0.06
404,Southborough,0.2,0.0,0.0,0.0,0.2,0.2,0.0,0.4,0.0
405,Southend,0.25,0.0,0.0,0.0,0.25,0.0,0.25,0.25,0.0
406,Southfields,0.1,0.1,0.0,0.0,0.3,0.3,0.1,0.1,0.0
407,Southgate,0.0,0.10344827586206896,0.0,0.0,0.5862068965517241,0.10344827586206896,0.0,0.1724137931034483,0.034482758620689655
408,Spitalfields,0.03,0.03,0.0,0.0,0.61,0.13,0.02,0.11,0.07
409,St Giles,0.13,0.03,0.0,0.0,0.46,0.09,0.02,0.25,0.02
410,St Helier,0.0,0.0,0.0,0.0,0.25,0.0,0.25,0.5,0.0
411,St James's,0.17,0.03,0.0,0.0,0.4,0.12,0.08,0.16,0.04
412,St John's Wood,0.0,0.08571428571428572,0.0,0.0,0.6,0.02857142857142857,0.02857142857142857,0.22857142857142856,0.02857142857142857
413,St Johns,0.0,0.15,0.0,0.0,0.35,0.1,0.05,0.25,0.1
414,St Luke's,0.05,0.08,0.0,0.0,0.6,0.09,0.05,0.08,0.05
415,St Margarets,0.25,0.0,0.0,0.0,0.25,0.5,0.0,0.0,0.0
416,St Mary Cray,0.0,0.0,0.0,0.0,0.29411764705882354,0.0,0.0,0.6470588235294118,0.058823529411764705
417,St Pancras,0.05319148936170213,0.010638297872340425,0.0,0.0,0.5106382978723404,0.06382978723404255,0.07446808510638298,0.18085106382978725,0.10638297872340426
418,St Paul's Cray,0.0,0.0,0.0,0.0,0.5,0.0,0.0,0.5,0.0
419,Stamford Hill,0.0,0.0,0.0,0.0,0.3333333333333333,0.2222222222222222,0.0,0.3333333333333333,0.1111111111111111
420,Stanmore,0.0,0.0,0.0,0.0,0.6923076923076923,0.07692307692307693,0.0,0.23076923076923078,0.0
421,Stepney,0.0,0.0,0.0,0.0,0.4666666666666667,0.0,0.3333333333333333,0.13333333333333333,0.06666666666666667
422,Stockwell,0.09230769230769231,0.046153846153846156,0.0,0.0,0.4461538461538462,0.13846153846153847,0.03076923076923077,0.2153846153846154,0.03076923076923077
423,Stoke Newington,0.0,0.0,0.0,0.0,0.5238095238095238,0.2619047619047619,0.023809523809523808,0.11904761904761904,0.07142857142857142
424,Stonebridge,0.16666666666666666,0.0,0.0,0.0,0.3333333333333333,0.0,0.16666666666666666,0.16666666666666666,0.16666666666666666
425,Stratford,0.08695652173913043,0.014492753623188406,0.0,0.0,0.42028985507246375,0.11594202898550725,0.0,0.30434782608695654,0.057971014492753624
426,Strawberry Hill,0.14285714285714285,0.14285714285714285,0.0,0.0,0.14285714285714285,0.0,0.14285714285714285,0.14285714285714285,0.2857142857142857
427,Streatham,0.0,0.0,0.0,0.0,0.6,0.2,0.0,0.0,0.2
428,Stroud Green,0.0,0.0,0.0,0.0,0.42857142857142855,0.0,0.2857142857142857,0.14285714285714285,0.14285714285714285
429,Sudbury,0.0,0.0,0.0,0.0,0.5,0.0,0.0,0.125,0.375
430,Sundridge,0.25,0.0,0.0,0.0,0.5,0.0,0.0,0.0,0.25
431,Surbiton,0.0,0.02040816326530612,0.0,0.0,0.5306122448979592,0.16326530612244897,0.02040816326530612,0.1836734693877551,0.08163265306122448
432,Surrey Quays,0.047619047619047616,0.047619047619047616,0.0,0.0,0.35714285714285715,0.047619047619047616,0.047619047619047616,0.35714285714285715,0.09523809523809523
433,Sutton,0.0,0.034482758620689655,0.0,0.0,0.3103448275862069,0.10344827586206896,0.0,0.5172413793103449,0.034482758620689655
434,Swiss Cottage,0.03508771929824561,0.017543859649122806,0.0,0.0,0.5087719298245614,0.017543859649122806,0.03508771929824561,0.2631578947368421,0.12280701754385964
435,"Sydenham (also Lower Sydenham, Upper Sydenham)",0.043478260869565216,0.08695652173913043,0.0,0.0,0.45652173913043476,0.10869565217391304,0.021739130434782608,0.2826086956521739,0.0
436,Sydenham Hill,0.0,0.0,0.0,0.0,0.0,0.25,0.75,0.0,0.0
437,Teddington,0.0,0.05405405405405406,0.0,0.0,0.5405405405405406,0.13513513513513514,0.02702702702702703,0.16216216216216217,0.08108108108108109
438,Temple,0.08,0.08,0.0,0.0,0.49333333333333335,0.16,0.09333333333333334,0.02666666666666667,0.06666666666666667
439,Temple Fortune,0.0,0.0,0.0,0.0,0.6153846153846154,0.0,0.0,0.38461538461538464,0.0
440,Thamesmead,0.2,0.0,0.0,0.2,0.2,0.2,0.0,0.2,0.0
441,The Hale,0.0,0.0,0.0,0.0,0.75,0.0,0.0,0.25,0.0
442,The Hyde,0.0,0.0,0.0,0.0,0.2222222222222222,0.1111111111111111,0.0,0.5555555555555556,0.1111111111111111
443,Thornton Heath,0.0,0.2,0.0,0.0,0.0,0.0,0.2,0.6,0.0
444,Tokyngton,0.0,0.0,0.0,0.0,0.2,0.0,0.0,0.4,0.4
445,Tolworth,0.0,0.0,0.0,0.0,0.6,0.0,0.0,0.4,0.0
446,Tooting,0.0,0.0,0.0,0.0,0.5384615384615384,0.19230769230769232,0.0,0.23076923076923078,0.038461538461538464
447,Tooting Bec,0.0,0.0,0.0,0.0,0.5283018867924528,0.20754716981132076,0.0,0.22641509433962265,0.03773584905660377
448,Tottenham,0.2857142857142857,0.0,0.0,0.0,0.14285714285714285,0.14285714285714285,0.0,0.14285714285714285,0.2857142857142857
449,Tottenham Green,0.034482758620689655,0.06896551724137931,0.0,0.0,0.4827586206896552,0.10344827586206896,0.034482758620689655,0.1724137931034483,0.10344827586206896
450,Tottenham Hale,0.0,0.08108108108108109,0.0,0.0,0.32432432432432434,0.10810810810810811,0.16216216216216217,0.24324324324324326,0.08108108108108109
451,Totteridge,0.0,0.3333333333333333,0.0,0.0,0.0,0.3333333333333333,0.0,0.0,0.3333333333333333
452,Tower Hill,0.11688311688311688,0.03896103896103896,0.0,0.0,0.38961038961038963,0.1038961038961039,0.14285714285714285,0.025974025974025976,0.18181818181818182
453,Tufnell Park,0.05714285714285714,0.02857142857142857,0.0,0.0,0.5714285714285714,0.08571428571428572,0.05714285714285714,0.11428571428571428,0.08571428571428572
454,Tulse Hill,0.0,0.0,0.0,0.0,0.0,0.0,0.5,0.25,0.25
455,Turnpike Lane,0.0,0.023809523809523808,0.023809523809523808,0.0,0.5,0.07142857142857142,0.023809523809523808,0.3333333333333333,0.023809523809523808
456,Twickenham,0.0,0.25,0.0,0.0,0.25,0.375,0.0,0.0,0.125
457,Upminster,0.0,0.0,0.0,0.0,0.41379310344827586,0.06896551724137931,0.034482758620689655,0.20689655172413793,0.27586206896551724
458,Upminster Bridge,0.14285714285714285,0.0,0.0,0.0,0.2857142857142857,0.14285714285714285,0.2857142857142857,0.0,0.14285714285714285
459,Upper Clapton,0.07692307692307693,0.0,0.0,0.0,0.5384615384615384,0.07692307692307693,0.07692307692307693,0.23076923076923078,0.0
460,Upper Holloway,0.0,0.02857142857142857,0.0,0.0,0.5142857142857142,0.11428571428571428,0.02857142857142857,0.17142857142857143,0.14285714285714285
461,Upper Norwood,0.0,0.0,0.0,0.0,0.7857142857142857,0.03571428571428571,0.07142857142857142,0.10714285714285714,0.0
462,Upper Ruxley,0.0,0.0,0.0,0.0,1.0,0.0,0.0,0.0,0.0
463,Upper Walthamstow,0.0,0.0,0.0,0.0,0.25,0.25,0.125,0.25,0.125
464,Upton,0.25,0.0,0.0,0.0,0.25,0.0,0.25,0.25,0.0
465,Upton Park,0.0,0.07142857142857142,0.0,0.0,0.35714285714285715,0.07142857142857142,0.0,0.42857142857142855,0.07142857142857142
466,Uxbridge,0.0,0.3333333333333333,0.0,0.0,0.6666666666666666,0.0,0.0,0.0,0.0
467,Vauxhall,0.05405405405405406,0.08108108108108109,0.0,0.0,0.35135135135135137,0.21621621621621623,0.10810810810810811,0.16216216216216217,0.02702702702702703
468,Waddon,0.0,0.0,0.0,0.0,0.3333333333333333,0.0,0.3333333333333333,0.3333333333333333,0.0
469,Walthamstow,0.0625,0.0,0.0,0.0,0.5,0.25,0.125,0.0625,0.0
470,Walthamstow Village,0.09090909090909091,0.0,0.0,0.0,0.5909090909090909,0.22727272727272727,0.0,0.045454545454545456,0.045454545454545456
471,Walworth,0.034482758620689655,0.0,0.0,0.0,0.5862068965517241,0.0,0.0,0.3103448275862069,0.06896551724137931
472,Wandsworth,0.030303030303030304,0.030303030303030304,0.0,0.0,0.36363636363636365,0.12121212121212122,0.030303030303030304,0.3939393939393939,0.030303030303030304
473,Wanstead,0.0,0.0,0.0,0.0,0.6551724137931034,0.10344827586206896,0.06896551724137931,0.1724137931034483,0.0
474,Wapping,0.030303030303030304,0.09090909090909091,0.0,0.0,0.36363636363636365,0.09090909090909091,0.24242424242424243,0.18181818181818182,0.0
475,Waterloo,0.08695652173913043,0.043478260869565216,0.0,0.0,0.4782608695652174,0.14492753623188406,0.014492753623188406,0.08695652173913043,0.14492753623188406
476,Wealdstone,0.0,0.0,0.0,0.0,0.625,0.0,0.0,0.25,0.125
477,Well Hall,0.1111111111111111,0.1111111111111111,0.0,0.0,0.3333333333333333,0.0,0.1111111111111111,0.2222222222222222,0.1111111111111111
478,Welling,0.0,0.0,0.0,0.0,0.6666666666666666,0.08333333333333333,0.08333333333333333,0.16666666666666666,0.0
479,Wembley,0.0,0.06451612903225806,0.0,0.0,0.41935483870967744,0.06451612903225806,0.03225806451612903,0.3870967741935484,0.03225806451612903
480,Wembley Park,0.0,0.0,0.0,0.0,0.5238095238095238,0.09523809523809523,0.047619047619047616,0.23809523809523808,0.09523809523809523
481,Wennington,0.0,0.0,0.0,0.0,0.2,0.2,0.2,0.2,0.2
482,West Brompton,0.2222222222222222,0.05555555555555555,0.0,0.0,0.3333333333333333,0.16666666666666666,0.05555555555555555,0.1111111111111111,0.05555555555555555
483,West Drayton,0.0,0.0,0.0,0.0,0.25,0.0,0.0,0.5,0.25
484,West Ealing,0.0,0.0,0.0,0.0,0.25,0.0,0.75,0.0,0.0
485,West Green,0.0,0.0,0.0,0.0,0.5,0.14285714285714285,0.14285714285714285,0.21428571428571427,0.0
486,West Hackney,0.01694915254237288,0.0,0.0,0.0,0.559322033898305,0.22033898305084745,0.03389830508474576,0.15254237288135594,0.01694915254237288
487,West Ham,0.0,0.14285714285714285,0.0,0.0,0.5714285714285714,0.0,0.14285714285714285,0.0,0.14285714285714285
488,West Hampstead,0.07407407407407407,0.037037037037037035,0.0,0.0,0.6666666666666666,0.07407407407407407,0.037037037037037035,0.1111111111111111,0.0
489,West Harrow,0.0,0.0,0.0,0.0,0.2,0.0,0.2,0.4,0.2
490,West Hendon,0.0,0.0,0.0,0.0,0.25,0.0,0.08333333333333333,0.3333333333333333,0.3333333333333333
491,West Kensington,0.06666666666666667,0.0,0.0,0.0,0.5666666666666667,0.1,0.03333333333333333,0.13333333333333333,0.1
492,West Norwood,0.0,0.0,0.0,0.0,0.5,0.16666666666666666,0.16666666666666666,0.16666666666666666,0.0
493,West Wickham,0.0,0.0,0.0,0.0,0.42857142857142855,0.07142857142857142,0.07142857142857142,0.42857142857142855,0.0
494,Westcombe Park,0.0,0.0,0.0,0.0,0.45454545454545453,0.09090909090909091,0.09090909090909091,0.09090909090909091,0.2727272727272727
495,Westminster,0.010752688172043012,0.021505376344086023,0.0,0.0,0.7096774193548387,0.06451612903225806,0.010752688172043012,0.12903225806451613,0.053763440860215055
496,Whetstone,0.0,0.0,0.0,0.0,0.4,0.2,0.4,0.0,0.0
497,White City,0.041666666666666664,0.125,0.0,0.0,0.5,0.0,0.125,0.16666666666666666,0.041666666666666664
498,Whitechapel,0.03,0.03,0.0,0.0,0.61,0.13,0.02,0.11,0.07
499,Whitton,0.0,0.0,0.0,0.0,0.2,0.2,0.4,0.2,0.0
500,Widmore (also Widmore Green),0.1111111111111111,0.1111111111111111,0.0,0.0,0.3333333333333333,0.2222222222222222,0.1111111111111111,0.1111111111111111,0.0
501,Willesden,0.0,0.05,0.0,0.0,0.75,0.0,0.05,0.15,0.0
502,Wimbledon,0.027777777777777776,0.05555555555555555,0.0,0.0,0.4861111111111111,0.1527777777777778,0.013888888888888888,0.2361111111111111,0.027777777777777776
503,Winchmore Hill,0.0,0.0,0.0,0.0,0.5555555555555556,0.2222222222222222,0.0,0.0,0.2222222222222222
504,Wood Green,0.07142857142857142,0.07142857142857142,0.0,0.0,0.4642857142857143,0.17857142857142858,0.0,0.14285714285714285,0.07142857142857142
505,Woodford,0.0,0.0,0.0,0.0,0.5555555555555556,0.0,0.0,0.2222222222222222,0.2222222222222222
506,Woodford Green,0.2,0.2,0.0,0.0,0.6,0.0,0.0,0.0,0.0
507,Woodlands,0.0,0.0,0.0,0.0,0.4,0.4,0.2,0.0,0.0
508,Woodside,0.0,0.0,0.0,0.0,0.25,0.0,0.5,0.0,0.25
509,Woodside Park,0.25,0.0,0.0,0.0,0.5,0.0,0.0,0.25,0.0
510,Woolwich,0.0,0.0,0.0,0.0,0.5,0.07142857142857142,0.03571428571428571,0.35714285714285715,0.03571428571428571
511,Worcester Park,0.0,0.0,0.0,0.0,0.3333333333333333,0.0,0.0,0.6666666666666666,0.0
512,Wormwood Scrubs,0.2,0.2,0.0,0.0,0.0,0.0,0.4,0.0,0.2
513,Yeading,0.0,0.0,0.0,0.0,0.0,0.25,0.0,0.5,0.25
514,Yiewsley,0.0,0.0,0.0,0.0,0.1,0.15,0.1,0.25,0.4
